Link,Name,Comment,Rate
https://www.thegioididong.com/dong-ho-thong-minh/apple-watch-s3-gps-42mm-vien-nhom-day-cao-su-den,Apple Watch S3 GPS 42mm viền nhôm xám dây cao su màu đen MTF32VN/A,Sản phẩm tốt xài rất tiện lợi nhân viên tư vấn nhiệt tình rất hơp với giá tiền,5
https://www.thegioididong.com/dong-ho-thong-minh/apple-watch-s3-gps-42mm-vien-nhom-day-cao-su-den,Apple Watch S3 GPS 42mm viền nhôm xám dây cao su màu đen MTF32VN/A,Sản phẩm rất ok pin dùg tốt khoảg 2ngay giá tốt Và rất hợp với giá tiền rất ưng ý với sp,5
https://www.thegioididong.com/dong-ho-thong-minh/apple-watch-s3-gps-42mm-vien-nhom-day-cao-su-den,Apple Watch S3 GPS 42mm viền nhôm xám dây cao su màu đen MTF32VN/A,"SP tốt, Pin xài nhiều khoảng 2 ngày hơn. Còn thường thì hơn 3 ngày mới hết pin. Xài nhìn sang chảnh phải biết :)))",5
https://www.thegioididong.com/dong-ho-thong-minh/apple-watch-s3-gps-42mm-vien-nhom-day-cao-su-den,Apple Watch S3 GPS 42mm viền nhôm xám dây cao su màu đen MTF32VN/A,Sản phẩm tốt xài ngon lành pin xài 3 ngay mới hết nghe gởi ok nhân viên từ vấn đề thường,5
https://www.thegioididong.com/dong-ho-thong-minh/samsung-galaxy-watch-42mm,Đồng hồ thông minh Samsung Galaxy Watch 42mm,"Pin thực sự rất yếu, thời gian sac pin rất lâu so với công bố 1h30 như web đưa ra, bật full kết nối pin 75% dùng từ 7h30 đến 18h30 còn 15%. Sạc từ 19h00 13% đến 22h30 mới lên được 100%, đeo ngủ từ 22h30 đến 6h30 sáng mất 16%. Cần cân nhắc kỹ trước khi xuống tiền. Đang băn khoăn trả hàng về vụ pin sạc và sử dụng ko như công bố đây. Ad tư vấn mình vụ này nhé trả hàng hoặc lên bản 46mm thủ tục như thế nào. Mới mua dùng đc 3 ngày.",2
https://www.thegioididong.com/dong-ho-thong-minh/samsung-galaxy-watch-42mm,Đồng hồ thông minh Samsung Galaxy Watch 42mm,"Sài rất tốt,nhắc nhở mình rất thường xuyên,pin thì rất ok,nói chung tầm tiền này là rất hợp lý.....cơ mà mua hôm trước hôm sau giảm 700k,🤣🤣🤣",4
https://www.thegioididong.com/dong-ho-thong-minh/samsung-galaxy-watch-42mm,Đồng hồ thông minh Samsung Galaxy Watch 42mm,"Dùng được gần 3thang .pin yếu,dễ trầy xước.",1
https://www.thegioididong.com/dong-ho-thong-minh/samsung-galaxy-watch-42mm,Đồng hồ thông minh Samsung Galaxy Watch 42mm,dùng ok. pin cũng được đẹp vừa tay loa hơi bé . test nước ok luôn 99d cho ss . check mã s/n ko lỗi hàng hịn,5
https://www.thegioididong.com/dong-ho-thong-minh/samsung-galaxy-watch-42mm,Đồng hồ thông minh Samsung Galaxy Watch 42mm,"a mới dùng Galaxy watch bản 42mm dùng rất ok, thiết kế và chất liệu rất đẹp, nhưng cho mình hỏi tgdd là sao khi nối bluetooth điện thoại Android dùng một khoảng thời gian (khoàng 20p) thì nó lại out ra kh nối với đt, chỉ khi nào vào lại kết nối ở Galaxy wear mới vào lại đc, cứ lặp lại như vậy? (nếu kh kết nối và đồng bộ với đt thì sẽ kh có thông báo từ smartphone)",5
https://www.thegioididong.com/dong-ho-thong-minh/samsung-galaxy-watch-46mm,Đồng hồ thông minh Samsung Galaxy watch 46mm,"Nếu mà để kết nối bluetooth suốt như này thì cả điện thoại và đồng hồ sẽ rất nhanh hết pin, điện thoại thì nóng! Mình sử dụng Galaxy note 9 kết nối thì rất ok, nhưng chỉ có điều sử dụng blutooth suốt như vậy thì thấy không ổn. Bên Apple người ta chỉ sử dụng ứng dụng mà đt không phải mở bluetooth như vậy thấy tiện hơn. Mới sử dụng nên chỉ thấy được bất tiện chổ đó. Mong nhà sản xuất điều chỉnh để không phải mở bluetooth suốt như vậy!",3
https://www.thegioididong.com/dong-ho-thong-minh/samsung-galaxy-watch-46mm,Đồng hồ thông minh Samsung Galaxy watch 46mm,"Dùng ok nhưng pin ko dung dược qua ngay thư 3, nếu ss làm vòng benzen màu trắng và in khắc chi tiết chìm trên vòng thì quá tuyệt luôn",4
https://www.thegioididong.com/dong-ho-thong-minh/samsung-galaxy-watch-46mm,Đồng hồ thông minh Samsung Galaxy watch 46mm,Sản phẩm xài mượt mà. Có nhiều bài tập. Có rất nhiều mặt đồng hồ đẹp Gọi điện thoại nghe rõ ràng nếu ở nơi yên tĩnh. Nhưng pin xài tầm 2 ngày chứ không qua nổi ngày thứ 3. Không có hỗ trợ Samsung Pay là một điều thiếu xót so với gear s3,4
https://www.thegioididong.com/dong-ho-thong-minh/samsung-galaxy-watch-46mm,Đồng hồ thông minh Samsung Galaxy watch 46mm,"Sản phẩm tuyệt, pin trâu. Dây silicon nên nhìn hơi lúa xíu, mua dây khác lắp vào theo ý thích mỗi người. Rất nhiều mặt đồng hồ miễn phí và đẹp. Nhân viên ở TGDD ninh hòa 324-326 trần quý cáp. Phục vụ rất thiếu chuyên nghiệp. Mình vào mua mặc đồ bình dân là lơ lơ, mua xong chẳng màng đóng hộp lại bỏ vào túi cho mình mang về. Mình tự làm hết. Lần đầu tiên vào 1 TGDD phục vụ như vậy. Mong các bạn ân cần hơn. Phục vụ 2*",3
https://www.thegioididong.com/dong-ho-thong-minh/samsung-galaxy-watch-46mm,Đồng hồ thông minh Samsung Galaxy watch 46mm,"Nhận thấy TGDD công bố tính năng, khả năng .... của sản phẩm chỉ theo nhà sản xuất, có lẻ vậy! Vì rất thích và luôn ủng hộ TGDD, nhưng nếu có bộ phận trải nghiệm thực tế, sau đó công bố các tính năng, chất lượng, khả năng của sản phẩm theo như bộ phận trải nghiệm ( kiểm tra thực tế sản phẩm), thì uy tín của TGDD sẽ tăng nhiều lần. Riêng sản phẩm này tôi hài lòng hầu hết, chỉ riêng phần pin thì chỉ được 2 ngày với mức sử dụng tiết kiệm, chứ không phải 5 ngày. Nếu công bố pin sử dụng khoảng trên dưới 2 ngày thì quá hài lòng sản phẩm. Nhưng công bố 5 ngày thì có cảm giác như là bị lường gạt mất rồi.",3
https://www.thegioididong.com/dong-ho-thong-minh/samsung-galaxy-watch-46mm,Đồng hồ thông minh Samsung Galaxy watch 46mm,Pin chỉ dùng ko quá 2 ngày.thấy thất vọng so voi quảng cáo của ss.6h 30p dậy chỉ kết nối với dt có khoảng 5 đến 7 cuộc gọi đến(nghe bằng dt).đến 18 giờ chỉ còn 50% pin,3
https://www.thegioididong.com/dong-ho-thong-minh/samsung-galaxy-watch-46mm,Đồng hồ thông minh Samsung Galaxy watch 46mm,"Đã mua hôm 20/01/2019. Dùng ok trong tầm giá nhưng thời lượng pin ko khác gì so với gear s3f,mặc dù quảng cáo dùng 5 ngày và hơn nhau đến hơn 100mAh.ss trang bị dây đeo silicon làm cho kém phần sang trọng nên kém sang trọn,nên kèm dây thép ko gi",4
https://www.thegioididong.com/dong-ho-thong-minh/samsung-galaxy-watch-46mm,Đồng hồ thông minh Samsung Galaxy watch 46mm,"Củng được , đẹp mà chỉ màu bạc hơi buồn , có màu đen như bản 42mm là mua ngay màu đen",4
https://www.thegioididong.com/dong-ho-thong-minh/samsung-galaxy-watch-46mm,Đồng hồ thông minh Samsung Galaxy watch 46mm,"Ngoại hình đẹp, nhiều chức năng hỗ trợ sức khỏe. Mặt đồng hồ quá nhiều sự lựa chọn, rất hài lòng. Pin dùng gần 2 ngày không qua được ngày thứ 3, tạm hài lòng.",4
https://www.thegioididong.com/dong-ho-thong-minh/samsung-galaxy-watch-46mm,Đồng hồ thông minh Samsung Galaxy watch 46mm,"Mua ngày 12.1.2019 xài rất tốt pin được 2 ngày nếu xài đầy đủ tính năng, pin xài được 3 ngày nếu xài ít hơn. Mình mua Galaxy Watch 46mm, tưởng to nhưng xài lâu thấy bình thường. Khá hài lòng với lựa chọn bản 46mm. Đồng bộ dữ liệu rất tốt với điện thoại của Samsung vì mình đang dùng Note 9.",5
https://www.thegioididong.com/dong-ho-thong-minh/samsung-galaxy-watch-46mm,Đồng hồ thông minh Samsung Galaxy watch 46mm,"Tạm ổn máy xài ok. Nhiều mặt đồng hồ để chọn. Tiếng to rõ , mình mới mua nên còn nhiều điều chưa biết được hết",4
https://www.thegioididong.com/dong-ho-thong-minh/samsung-galaxy-watch-46mm,Đồng hồ thông minh Samsung Galaxy watch 46mm,Mới mua hôm qua. Giao diện mặt đồng hồ nhiều hơn apple watch. Kích cỡ 46mm hơi to với tay người Việt. Kết nối với đt thua Apple watch.... một số tính năng auto chạy để check lại xem sao. Nói chung dùng cũng tạm chấp nhận với giá này.,4
https://www.thegioididong.com/dong-ho-thong-minh/samsung-galaxy-watch-46mm,Đồng hồ thông minh Samsung Galaxy watch 46mm,Dây đeo đau tay . ko dùg đc face. đc cái nghe dt và đi đườg tra bản đồ tiện lợi.,4
https://www.thegioididong.com/dong-ho-thong-minh/samsung-galaxy-watch-46mm,Đồng hồ thông minh Samsung Galaxy watch 46mm,"Vừa mua xong ,cảm thấy tuyệt...pin sài tầm 3 ngày ! Các tính năng khá tốt",4
https://www.thegioididong.com/dong-ho-thong-minh/samsung-galaxy-watch-46mm,Đồng hồ thông minh Samsung Galaxy watch 46mm,"Bản 46 mm hình thức đẹp, nam tính, pin 2-3 ngày với mức sử dụng của mình, có nhiều watchface để lựa chọn, chống nước tốt, loa ngoài hơi nhỏ, đeo lâu có cảm giác nặng tay.",4
https://www.thegioididong.com/dong-ho-thong-minh/samsung-galaxy-watch-46mm,Đồng hồ thông minh Samsung Galaxy watch 46mm,"Tuyệt vời ! Đẹp, pin trâu, nhiều tính năng tiện dụng... nói chung là ưng ý.",5
https://www.thegioididong.com/dong-ho-thong-minh/samsung-galaxy-watch-46mm,Đồng hồ thông minh Samsung Galaxy watch 46mm,"Lần đầu dùng Smartwatch của Samsung, bản 46 mm pin dùng từ được khoảng 2 ngày với nhu cầu của mình, đã test thử chống nước và đẩy nước ra khỏi đồng hồ. Khá tiện lợi, có điều Tizen Os ít ứng dụng và khó cài watchface ngoài như mấy chiếc chạy Android Wear.",4
https://www.thegioididong.com/dong-ho-thong-minh/samsung-galaxy-watch-46mm,Đồng hồ thông minh Samsung Galaxy watch 46mm,"Mua garmin mà dùng, pin 15 ngày...Đồng hồ sport watch chuyên về thể thao Gps dẫn đường. Mình đang dùng Garmin forerunner 935 k có gì để chê cả. Sámung và apple k bằng đâu...",2
https://www.thegioididong.com/dong-ho-thong-minh/samsung-galaxy-watch-46mm,Đồng hồ thông minh Samsung Galaxy watch 46mm,"Ngoại hình ok, đeo nhìn sang chảnh tiện lợi , nhưng không thông báo cuộc gọi từ zalo (là lỗi hay không hộ trợ vậy qtv)",3
https://www.thegioididong.com/dong-ho-thong-minh/samsung-galaxy-watch-46mm,Đồng hồ thông minh Samsung Galaxy watch 46mm,To và bự quá ko hợp với kiểu tay người việt nam. Mua về mới thấy ko hợp thua hàng apple watch nhiều biết vậy mua apple watch cho rồi với lại phần mềm bằng hệ điều hành tizen 4.0 ko phải android wear 2.0,1
https://www.thegioididong.com/dong-ho-thong-minh/samsung-galaxy-watch-42mm-rose-gold,Đồng hồ thông minh Samsung Galaxy Watch 42mm Rose Gold,"Màu hồng cho nữ đẹp, sang trọng, nhiều tiện ích. Nhưng so với tay nữ nhỏ thì mặt đồng hồ hơi dày.",5
https://www.thegioididong.com/dong-ho-thong-minh/samsung-galaxy-watch-42mm-rose-gold,Đồng hồ thông minh Samsung Galaxy Watch 42mm Rose Gold,"Màu hồg nude đẹp và sang trọg, rất cá tính, dễ sử dụng, nhiều tiện ích. Thích lắm luôn.",5
https://www.thegioididong.com/dong-ho-thong-minh/samsung-galaxy-watch-42mm-rose-gold,Đồng hồ thông minh Samsung Galaxy Watch 42mm Rose Gold,"Đồng hồ đẹp,điệu,dễ sử dụng,kèm sợi dây đeo màu nâu đẹp quá xá luôn. Nhân viên TGDD 9 Nguyễn Oanh dễ thương nhiệt tình quá trời luôn ah.",5
https://www.thegioididong.com/dong-ho-thong-minh/samsung-galaxy-watch-42mm-rose-gold,Đồng hồ thông minh Samsung Galaxy Watch 42mm Rose Gold,"màu sắt tươi rất đẹp , thiết kế sang trọng không kém gì đồng hồ trang sức khả năng chống nước cao nhiều giao diện đẹp và thông minh",5
https://www.thegioididong.com/dong-ho-thong-minh/samsung-galaxy-watch-42mm-rose-gold,Đồng hồ thông minh Samsung Galaxy Watch 42mm Rose Gold,"Mình cảm thấy hài Lòng khi sd sản phẩm này ,còn đang trong thời gian thư nghiệm Hi vọng là sẽ ổn,",4
https://www.thegioididong.com/dong-ho-thong-minh/huawei-watch-2,Đồng hồ thông minh Huawei Watch 2,"Thật sự thất vọng với sản phẩm này. Trải nghiệm 3 tháng của mình với nó như sau: Pin đồng hồ dùng được 1 ngày nếu không mở gps và wifi, nếu mở thì dùng được nữa ngày. Thường xuyên bị giật, lag khi cần thao tác màn hình. Màn hình sáng, đẹp. Và một ngày đẹp trời khi đang đeo nó trở nên nóng khủng khiếp, pin tuột nhanh, xong thì khởi động lại liên tục... Hazz đeo mà có cảm giác nó sẽ nổ. Các bạn cần tham khảo khi mua loại sản phẩm này.",1
https://www.thegioididong.com/dong-ho-thong-minh/huawei-watch-2,Đồng hồ thông minh Huawei Watch 2,"Đã mua, cái đầu tiên pin dùng chưa được 1 ngày, tầm 14 tiếng, pin tụt chóng mặt, cho nhân viên TGDD kiểm tra, có khoảng 10' mà tụt hẳn 5%pin. Đổi cái khác thì bất ngờ với thời lượng pin của cái thứ 2, mở đầy đủ các tính năng, bật luôn cả màn hình luôn hiển thị, xài được gần 3 ngày. Trước chấm 1, giờ nâng lên 3* vì chất lượng của cái thứ 2. Nếu không vấp phải cái đầu tiên pin quá kém thì quệt ngay 5*. Bạn nào đã mua mà pin quá kém thì mang ra TGDD cho kiểm tra và đổi xem sao nhé. Biết đâu may mắn như mình.",3
https://www.thegioididong.com/dong-ho-thong-minh/huawei-watch-2,Đồng hồ thông minh Huawei Watch 2,Đồng hồ tốt. Pin đủ xài đến ngày thứ 2 nếu biết cách dùng. Lưu ý 2 ngày ở đây tính đã bật bluetooth,5
https://www.thegioididong.com/dong-ho-thong-minh/huawei-watch-2,Đồng hồ thông minh Huawei Watch 2,Máy sài ổn định nhưng hay bị ngắt kết nối. Dung lượng pin sài đc 2 ngày. Không có thông báo từ zalo còn mọi thứ khác vẫn thông báo đầy đủ.,1
https://www.thegioididong.com/dong-ho-thong-minh/samsung-gear-s3-frontier,Đồng hồ thông minh Samsung Gear S3 Frontier,Sản phẩm rất tốt nhân viên thế giới di động nhiệt tình làm mình rất hài lòng và tin tưởng tuyệt đối với tgdd,4
https://www.thegioididong.com/dong-ho-thong-minh/samsung-gear-s3-frontier,Đồng hồ thông minh Samsung Gear S3 Frontier,Đồng hồ sử dụng rất đẹp và tiện. Từ ngày mua thì k phải rút điện thoại xem thông báo nữa nên tiện hơn.,5
https://www.thegioididong.com/dong-ho-thong-minh/samsung-gear-s3-frontier,Đồng hồ thông minh Samsung Gear S3 Frontier,"Mua ngày 25/01/2019, đồng hồ thật sự rất đẹp và sang, ứng dụng mặt đồng hồ nhiều lắm, lựa mệt nghỉ. Rất hữu ít, nên tìm hiểu kỹ các tính năng sẽ thấy nó rất vi diệu. Nhân viên tgdd dễ thương quá luôn, rất nhiệt tình. Cực kỳ hài lòng vs số tiền bỏ ra",5
https://www.thegioididong.com/dong-ho-thong-minh/samsung-gear-s3-frontier,Đồng hồ thông minh Samsung Gear S3 Frontier,"pin xài tầm 3 ngày (nếu xem giờ & thông báo), kiểu đẹp cứng cáp, chíp cổ hơi yếu nhưng xài ổn, nói chung là OK",5
https://www.thegioididong.com/dong-ho-thong-minh/samsung-gear-s3-frontier,Đồng hồ thông minh Samsung Gear S3 Frontier,"Đã mua ngày 11/12/2018, cảm thấy hài lòng và xứng đáng với số tiền gần 5 triệu đồng.",4
https://www.thegioididong.com/dong-ho-thong-minh/samsung-gear-s3-frontier,Đồng hồ thông minh Samsung Gear S3 Frontier,"Sản phẩm rất hay bị rơi và văng khỏi dây đeo cao su. Độ sáng màn hình hơi thấp, nên ra ngoài đường hơi khó nhìn.",5
https://www.thegioididong.com/dong-ho-thong-minh/samsung-gear-s3-frontier,Đồng hồ thông minh Samsung Gear S3 Frontier,"Rất tốt Màn hình hiển thị tốt. Có thêm cảm biến nhịp tim nữa thì tuyệt quá. Không bám mồ hôi, đeo rất nhẹ",5
https://www.thegioididong.com/dong-ho-thong-minh/huawei-band-3e-mau-den,Vòng tay thông minh Huawei Band 3e màu đen,"Mua ngày 28 tết, lúc mở ra( dù đã đọc cm dưới bị rớt) mình vẫn bị rớt nhưng hok sao. Pin mở máy đc 60% xài toiw mùng 2 hết pin hok biết pin có bị sao không ? Máy hiển thị cuộc gọi nhưng hok bít làm cách nào để nghe cuộc gọi đc 🙄",3
https://www.thegioididong.com/dong-ho-thong-minh/huawei-band-3e-mau-den,Vòng tay thông minh Huawei Band 3e màu đen,"Sp tốt, nhẹ hiển thị nét nhưng cần thêm chức năng đo huyết áp và nhịp tim thì hay.",4
https://www.thegioididong.com/dong-ho-thong-minh/huawei-band-3e-mau-den,Vòng tay thông minh Huawei Band 3e màu đen,"Vừa mua, thấy ok, pin trâu, đẹp, rẻ, mà có điều ko có ngày tháng, vs nhân viên ko hiểu biết về đồng hòi lúc tư vấn phải vừa xem clip... hơi tệ trong phục vụ",4
https://www.thegioididong.com/dong-ho-thong-minh/huawei-band-3e-mau-den,Vòng tay thông minh Huawei Band 3e màu đen,"Lúc mở hộp bị rơi lăn lóc nhưng màn hình vẫn không xước,bể hay bị hỏng hóc gì cả . Mới mua nên cũng chưa biết chất lượng thế nào .",4
https://www.thegioididong.com/dong-ho-thong-minh/huawei-band-3e-mau-den,Vòng tay thông minh Huawei Band 3e màu đen,"Tốt! Pin đúng công bố, 14 ngày, chống nước thì mình thử bằng cách cho vào chai pet, đổ đầy nước cho vào tủ lạnh đông đá chơi, vẫn vô tư. Rất hài lòng! Nhất cách phục vụ của NV TGDD!",4
https://www.thegioididong.com/dong-ho-thong-minh/huawei-band-3e-mau-den,Vòng tay thông minh Huawei Band 3e màu đen,"Sản phẩm nhỏ, gọn, pin bền. Tiếc là không có lịch, nên cho 4* thôi. Nhân viên nhiệt tình.",4
https://www.thegioididong.com/dong-ho-thong-minh/huawei-band-3e-mau-den,Vòng tay thông minh Huawei Band 3e màu đen,sản phẩn này đối với tôi nhận thấy là sản phẩm đạt chất lượng và công nghệ mới phù hợp với giai đoạn này,4
https://www.thegioididong.com/dong-ho-thong-minh/huawei-band-3e-mau-den,Vòng tay thông minh Huawei Band 3e màu đen,Good ngon.pin max trâu.Tiếc là k có đo nhịp tim thôi.,4
https://www.thegioididong.com/dong-ho-thong-minh/huawei-band-3e-mau-den,Vòng tay thông minh Huawei Band 3e màu đen,"thiết kế nhỏ gọn, các chức năng sử dụng tốt, màn hình hiện thị sắc nét. đo được nhịp tim, phù hợp với các hoạt động thể thao",4
https://www.thegioididong.com/dong-ho-thong-minh/huawei-band-3e-mau-den,Vòng tay thông minh Huawei Band 3e màu đen,Máy htc one me của em không tải được huawei heath thì phải làm sao ạ . không có huawei heath sao dùng ạ,5
https://www.thegioididong.com/dong-ho-thong-minh/huawei-band-3e-mau-den,Vòng tay thông minh Huawei Band 3e màu đen,Về cơ bản đo bước chân. Giấc ngủ. Nhịp tim khá chuẩn.Mình là người cẩn thận. Nên không muốn đồ điện tử tiếp xúc nhiều với nước. Mặc dù có khả năng chống nước. Mới mua. Tạm thời không phát sinh lỗi gì. Cảm biến mắt thi thoảng phải lắc mới hiện giờ. Ưu điểm. Thời trang. Mục đích sử dụng thiết thực. Tuy nhiên giá hơi mặn chút so với chức năng sử dụng của sản phẩm. Thanks.,5
https://www.thegioididong.com/dong-ho-thong-minh/huawei-band-3e-mau-hong,Vòng tay thông minh Huawei Band 3e màu Hồng,"Lúc mình sạc pin màn hình bị sọc. Lần sau sạc thì không bị, mình mới mua 1 tháng. Giúp mình với.",4
https://www.thegioididong.com/dong-ho-thong-minh/samsung-gear-fit2-pro,Vòng đeo tay thông minh Samsung Gear Fit2 Pro,Đồng hồ thiết kế rất đẹp thông minh giúp theo dõi sức khỏe rất tiện lợi rất hài lòng về sản phẩm,3
https://www.thegioididong.com/dong-ho-thong-minh/samsung-gear-fit2-pro,Vòng đeo tay thông minh Samsung Gear Fit2 Pro,Sản phẩm quá tệ không đáng một sao nhưng tôi vẫn cho một sao. Chống nước 5ATM mà tôi đi bơi về bị hư luôn bảo hành hai lần rồi và vẫn bị tiếp,5
https://www.thegioididong.com/dong-ho-thong-minh/samsung-gear-fit2-pro,Vòng đeo tay thông minh Samsung Gear Fit2 Pro,"Mẫu mã đẹp, đeo vào rất chất, xài pin được tầm khoảng 2 ngày, chống nước khá tốt, tôi rất ưng ý",5
https://www.thegioididong.com/dong-ho-thong-minh/samsung-gear-fit2-pro,Vòng đeo tay thông minh Samsung Gear Fit2 Pro,Mua ngày 22/11/2018 20/12/18 bị hư cảm biến nhịp tim mới đổi cái khác 30 ngày miễn phí của tgdđ sau 1 tháng xài mình đánh giá về pin xai 2 ngày nếu để chế độ đồng hồ luôn hiển thị thì xài được 1 ngày . Về thông báo tin nhắn thì ok tiếng việt đầy đủ có thông báo cuộc gọi xài cũng ok nhưng sợ quá 30 ngày mà bị hư cảm biến nữa thì mệt hy vọng kg hư nữa,1
https://www.thegioididong.com/dong-ho-thong-minh/samsung-gear-fit2-pro,Vòng đeo tay thông minh Samsung Gear Fit2 Pro,"Sản phẩm rất tốt, sử dụng trong thể thao rất thích và rất gọn gàng, đo được số bước chân và sức khỏe. Cảm thấy rất ưng ý",5
https://www.thegioididong.com/dong-ho-thong-minh/samsung-gear-fit2-pro,Vòng đeo tay thông minh Samsung Gear Fit2 Pro,"sản phẩm nhìn khá bắt mắt, lượng pin lại có thể duy trì đc 2 3 ngày, khả năng chống nc cao đáng để sử dụng đây.",5
https://www.thegioididong.com/dong-ho-thong-minh/samsung-gear-fit2-pro,Vòng đeo tay thông minh Samsung Gear Fit2 Pro,"Sản phẩm mẫu ma đẹp,chất lượng ok,xài rất mượt mà,rất có lợi cho sức khỏe.se tiếp tục ủng hộ điện máy xanh",5
https://www.thegioididong.com/dong-ho-thong-minh/samsung-gear-fit2-pro,Vòng đeo tay thông minh Samsung Gear Fit2 Pro,"Mua đến nay gần 1 tháng rồi, rất đẹp xài mượt, chất lượng tốt, có điều pin hơi yếu phải sạc hằng ngày.",5
https://www.thegioididong.com/dong-ho-thong-minh/apple-watch-s4-gps-40mm-vien-nhom-mau-hong,Apple Watch S4 GPS 40mm Viền Nhôm dây cao su màu hồng (MU682VN/A),"Thiết kế đẹp, tinh tế có chống nước tiện lợi sp khá tuyệt vời nhân viên tư vấn nhiệt tình",5
https://www.thegioididong.com/dong-ho-thong-minh/apple-watch-s4-gps-40mm-vien-nhom-mau-hong,Apple Watch S4 GPS 40mm Viền Nhôm dây cao su màu hồng (MU682VN/A),"tôi rất thích, phong cách trẻ trung lịch lãm. phù hợp với số tiền. tiền nào của nấy. tốn tiền nhưng chất lượng tốt thì hơn rẻ mà mau hư.",5
https://www.thegioididong.com/dong-ho-thong-minh/apple-watch-s1-42mm,"Apple Watch S1, 42mm viền nhôm, dây cao su màu đen","Rất ok. Kiểu dáng đẹp chất lượng.mẫu mã hợp thời trang, phù hợp giới trẻ. Thời thượng",5
https://www.thegioididong.com/dong-ho-thong-minh/apple-watch-s1-42mm,"Apple Watch S1, 42mm viền nhôm, dây cao su màu đen","Mẫu mã đẹp, chất lượng tốt, nhân viên tư vấn Ok. Thực sự rất hài lòng về sự lựa chọn này",5
https://www.thegioididong.com/dong-ho-thong-minh/apple-watch-s1-42mm,"Apple Watch S1, 42mm viền nhôm, dây cao su màu đen","Sản phẩm garmin Tôi đã biết lừ lâu. Vì là dân yêu chạy nhảy và công nghệ. Nhưng mới sở hữu em garmin vivoartiver3 vài ngày thôi,nó đã cho Tôi cảm giác thật thoải mái khi tập luyện và mức độ chính xác của nó. Đầu tư cho sức khỏe thì ko có gì là mắc trong tầm giá 5tr8.",5
https://www.thegioididong.com/dong-ho-thong-minh/garmin-forerunner-235-den-xam,Đồng hồ thông minh Garmin Forerunner 235 Đen xám,Garmin là 1 thương hiệu uy tín và đã cho Tôi cảm giác mới lạ và rất hài lòng khi lựa chọn vivoartiver 3.máy nhẹ dây mềm sử dụng tiện lợi và chính xác.,5
https://www.thegioididong.com/dong-ho-thong-minh/garmin-vivoactive-3-den,Đồng hồ thông minh Garmin Vivoactive 3 Đen,"Kiểu dáng đẹp, nhìn sang. Dây cao su rất mềm, ôm tay . Máy nhẹ đeo lên như không có cảm giác cấn, nặng tay. Kho ứng dụng đa dạng. Rất hài lòng!",5
https://www.thegioididong.com/dong-ho-thong-minh/garmin-vivoactive-3-den,Đồng hồ thông minh Garmin Vivoactive 3 Đen,"Đẹp, kiểu dáng thể thao, pin bật bluetooth, nhịp tim 24/7 được 4.5 ngày. Đo khá chính xác, có huấn luyện viên cá nhân. Rất hài lòng về sản phẩm.",5
https://www.thegioididong.com/dong-ho-thong-minh/garmin-vivoactive-3-den,Đồng hồ thông minh Garmin Vivoactive 3 Đen,"Mua hôm 26/11/2018. Dùng đến sáng nay (13/12), ngủ dậy check giờ giấc ngủ. Mở lên màn hình lên thì mất màu dần rồi bị trắng xám sọc màn hình luôn. Máy vẩn do nhịp tin và kết nối với điện thoại được.",5
https://www.thegioididong.com/dong-ho-thong-minh/garmin-vivoactive-3-den,Đồng hồ thông minh Garmin Vivoactive 3 Đen,"Ổn! Lấy từ đầu chiều, up firmware xong là có thông báo tin nhắn từ ĐT luôn, nghịch ngợm đến tối đi 5% pin. So far so good. Đáng tiền. Vừa đặt thêm 2 cái dây đeo silicon từ AliExpress để thay mỗi khi tập thể dục 😁😁😁",5
https://www.thegioididong.com/dong-ho-thong-minh/fitbit-versa-den,Đồng hồ thông minh Fitbit Versa Đen,"Thiết kế đẹp, mỏng phù hợp với người tay to chút. Thời lượng pin sử dụng nửa tháng. Tuyệt vời",2
https://www.thegioididong.com/dong-ho-thong-minh/huawei-watch-gt,Đồng hồ thông minh Huawei Watch GT,Sản phẩm .Tốt đẹp pin trâu. Rất đáng mua. Nhân viên tư vấn rất nhiệt tình. Cảm ơn TGDD,5
https://www.thegioididong.com/dong-ho-thong-minh/huawei-watch-gt,Đồng hồ thông minh Huawei Watch GT,"Đồng hồ nhỏ gọn, đẹp vừa hợp túi tiền mà vẫn đầy đủ những gì mà chúng ta cần dù là không có tiếng Việt nhưng điều quan trọng là pin tốt màn hình rõ nét và màn hình có độ cảm ứng mượt mà cho thấy đây là một sản phẩm tốt cho người dùng và cuối cùng mình cũng phải nói đến tác phong và cách thức phục vụ của nhân viên tư vấn hỗ trợ rất tốt kể cả nhân viên Bảo vệ rất chu đáo. Mình rất thích",5
https://www.thegioididong.com/dong-ho-thong-minh/xiaomi-amazfit-bip-den,Đồng hồ thông minh Xiaomi Amazfit Bip Đen,Amazfit Bip sử dụng tốt pin xài ko sợ hết... càng ra nắng xem càng rõ.. 1tr8 vô đối với tầm giá này rồi.. nhân viên TDGD tư vấn rất kỹ.. TK,5
https://www.thegioididong.com/dong-ho-thong-minh/xiaomi-amazfit-bip-den,Đồng hồ thông minh Xiaomi Amazfit Bip Đen,"Sản phẩm đáp ứng đc tất cả các như cầu cơ bản về giờ giấc, thông báo cuộc gọi tin nhắn... Khoái nhất chức năng hiện thi liên tục. Đeo lên tay nhìn sang và khá đẹp, pin trâu. Vào google play download mặt đồng hồ về thay thoải mái",5
https://www.thegioididong.com/dong-ho-thong-minh/xiaomi-amazfit-bip-den,Đồng hồ thông minh Xiaomi Amazfit Bip Đen,"Pin xài lâu, nhưng hơi ít tính năng, sản phẩm không có sẵn tiếng việt nên ko đọc được tin nhắn",5
https://www.thegioididong.com/dong-ho-thong-minh/xiaomi-amazfit-bip-den,Đồng hồ thông minh Xiaomi Amazfit Bip Đen,Chất lượng tốt. Sản phẩm đẹp. Nv phục vụ ổn ( giao hàng hơi lâu nhưng khi giao có xin lỗi nên bỏ qua ) Mỗi tội méo có tiếng việt. Định mua cho ba 1 cái để chạy bộ mà không có nên mua cho riêng mk xài tiếng anh đỡ 😂,5
https://www.thegioididong.com/dong-ho-thong-minh/xiaomi-amazfit-bip-den,Đồng hồ thông minh Xiaomi Amazfit Bip Đen,Tính năng nhấc tay lên để màn hình sáng chưa được nhạy. Nhưng máy đẹp và sang trọng.,5
https://www.thegioididong.com/dong-ho-thong-minh/xiaomi-amazfit-bip-den,Đồng hồ thông minh Xiaomi Amazfit Bip Đen,"Mình mới mua hôm 28 Tết (2/2/2019) ở ĐMX 1046 Quang Trung, Q.GV. Đồng hồ kết nối với đt ok! Mẫu mã đẹp, nhiều chức năng hay và tiện ích, bạn nào mua phải chịu mò mẫu nhé. Đh ko có cài sẵn ứng dụng tiếng việt nhưng dùng tiếng anh thì với mình cũng ok! Nhân viên tư vấn nhiệt tình.",5
https://www.thegioididong.com/dong-ho-thong-minh/xiaomi-amazfit-bip-den,Đồng hồ thông minh Xiaomi Amazfit Bip Đen,"Màn hình nhìn tốt ngoài trời, pin rất tốt, nhiều mặt đồng hồ để chọn lựa, nhân viên chưa biết nhiều về sản phẩm nhưng tư vấn rất nhiệt tình, vui vẻ, thân thiện. Cám ơn TGDD!",5
https://www.thegioididong.com/dong-ho-thong-minh/xiaomi-amazfit-bip-den,Đồng hồ thông minh Xiaomi Amazfit Bip Đen,"Ok. Ai mua về k chịu vọc vạch thì chỉ biết cac chức năng cua đồng hồ va tren app mi fit, và còn thắc mắc là k đọc đc tin nhắn tiếng việt có dấu, hiện tên người gọi đến với thay mặt đồng hồ. Khi biết rồi thì nó cảm thấy k còn nhàm chán nữa🤗 rất thích độ trâu của cục pin😜",5
https://www.thegioididong.com/dong-ho-thong-minh/xiaomi-amazfit-bip-den,Đồng hồ thông minh Xiaomi Amazfit Bip Đen,"kết nối với iphone và samsung rất tốt , báo cuộc gọi đến tin nhắn tốt , nhưng mua về mình phải cài đặt thêm tiếng việt , mặc định ko có sẵn",5
https://www.thegioididong.com/dong-ho-thong-minh/xiaomi-amazfit-bip-den,Đồng hồ thông minh Xiaomi Amazfit Bip Đen,"Sản phẩm đáng giá tiền. Nhân viên TGDD phục vụ tốt, tư vấn rất nhiệt tình. So sánh với các đại lí khác thì giá của TGDD có cao hơn 1 chút nhưng bù lại thì các bạn tư vấn rất nhiệt tình, trách nhiệm cao. Đấy chính là cái mà TGDD có thể phát triển mạnh và có được người tiêu dùng teung thành",5
https://www.thegioididong.com/dong-ho-thong-minh/xiaomi-amazfit-bip-den,Đồng hồ thông minh Xiaomi Amazfit Bip Đen,Cái này nếu chỉ mua về xem giờ (ngắt hết các kết nối) thì xài gần 4 tháng mới sạc 1 lần,5
https://www.thegioididong.com/dong-ho-thong-minh/xiaomi-amazfit-bip-den,Đồng hồ thông minh Xiaomi Amazfit Bip Đen,Mua hôm valentin có 1190 - 200 - 250. Giá rẻ cho 1 con đồng hồ. Máy quá ok. Nam tay to đeo rất sang nhé. Điểm trừ con này có lẽ là hơi nặng. Đeo vào thấy lệch hẳn tay luôn,5
https://www.thegioididong.com/dong-ho-thong-minh/xiaomi-amazfit-bip-den,Đồng hồ thông minh Xiaomi Amazfit Bip Đen,"Chất lượng tạm ổn sài khoảng 4ngay mới sạc ,nếu có thêm nhận cuộc gọi, tin nhắn nữa thì OK luôn",5
https://www.thegioididong.com/dong-ho-thong-minh/xiaomi-amazfit-bip-trang,Đồng hồ thông minh Xiaomi Amazfit Bip Trắng,"Sạc khoảng 2 tiếng đầy, pin dùng được trên 5 ngày. Thiết kế đẹp, báo cuộc gọi, tin nhắn tốt. Nhưng nếu báo được tin nhắn zalo thì sẽ tốt hơn.",5
https://www.thegioididong.com/dong-ho-thong-minh/zeblaze-vibe-3-hr-den,Đồng hồ thông minh Zeblaze VIBE 3 HR Đen,Đổi cái mới sạc pin đc . nhưng theo thông tin sản phẩm ban đầu kết nối đc zalo . nhưng không kết nối được . và cuốc gọi hoặc tin nhắn ... Lúc hiển thị lúc không,5
https://www.thegioididong.com/dong-ho-thong-minh/zeblaze-vibe-3-hr-den,Đồng hồ thông minh Zeblaze VIBE 3 HR Đen,"sản phẩm mẫu mã,hoàn thiện khá,kết nối nhanh với điện thoại.xài ổn định.pin tốt.",5
https://www.thegioididong.com/dong-ho-thong-minh/zeblaze-vibe-3-hr-den,Đồng hồ thông minh Zeblaze VIBE 3 HR Đen,"Đã mua 1 con HR với giá mãi chỉ còn 950k , trãi nghiệm máy tốt hơn hơn mong đợi , lựa chọn thông minh cho ai cần 1 chiếc smartwatch",4
https://www.thegioididong.com/dong-ho-thong-minh/zeblaze-vibe-3-hr-den,Đồng hồ thông minh Zeblaze VIBE 3 HR Đen,Sạc pin không vào sạc thời gian từ 18h đến 23.56 mà kg lên pin đc . nên không biết làm sao,1
https://www.thegioididong.com/dong-ho-thong-minh/zeblaze-vibe-3-hr-den,Đồng hồ thông minh Zeblaze VIBE 3 HR Đen,Sạc pin từ 18.00h đến kiểm tra liên tục đến 23.56h pin không lên đc 1 ít nào . lúc sạc sao thì kết thúc giống nhau .,5
https://www.thegioididong.com/dong-ho-thong-minh/zeblaze-vibe-3-hr-den,Đồng hồ thông minh Zeblaze VIBE 3 HR Đen,"Mình tháy ok với giá tiền, khoái nhât là tính năng thay mặt đồng hồ bằng hình. Mang hầm hồ, cực hợp với bọn con trai luôn. Cho tgdd 10đ hỳ hỳ",5
https://www.thegioididong.com/dong-ho-thong-minh/zeblaze-vibe-3-hr-den,Đồng hồ thông minh Zeblaze VIBE 3 HR Đen,"mới mua được hơn tuần cảm nhận ban đầu là rất tốt. pin dùng lâu đúng như quảng cáo. ra ngoài trời nhìn rõ nét, có chức năng giơ tay lên tự sáng màn hình rất thuận tiện, rất đáng mua. có 1 lỗi nhỏ là màn hình nháy liên tục không biết có việc gì không. đang chuẩn bị cầm ra TGDĐ để bảo hành.",1
https://www.thegioididong.com/dong-ho-thong-minh/zeblaze-vibe-3-hr-den,Đồng hồ thông minh Zeblaze VIBE 3 HR Đen,"Thường xuyên mất kết nối, hoặc có kết nối mà ko thông báo gì hết, tin nhắn đến ko nhận đx, bật chế độ tìm đt cũng ko đx nốt",1
https://www.thegioididong.com/dong-ho-thong-minh/zeblaze-vibe-3-hr-den,Đồng hồ thông minh Zeblaze VIBE 3 HR Đen,"Mới mua, pin ổn, hiển thị ngoài trời nắng gắt hơi nhạt, màn hình sáng ít vài giây là tắt, báo tin nhắn cuộc gọi có 3 lần rung là hết, nếu có âm thông báo thì tốt, không có âm thanh(khi tìm điện thoại, đồng hồ cũng hơi khó).đo nhịp tim có lẽ.....hơi ảo. Đang cột dây thả xuống giếng khoan 40m xem khả năng kháng nước 😉😆😆",5
https://www.thegioididong.com/dong-ho-thong-minh/zeblaze-plug-c-den,Vòng tay thông minh Zeblaze Plug C đen,Đeo đêm đầu thì nó theo dõi giấc ngủ. Mà mấy đêm sau nó k theo dõi nữa,4
https://www.thegioididong.com/dong-ho-thong-minh/zeblaze-plug-c-do,Vòng tay thông minh Zeblaze Plug C đỏ,"Tôi mua em này đc 1 tháng rồi, giá tầm dưới 1tr mà có thể custom mặt đồng hồ thì quá ngon rồi, chống nước IP67 là đủ, chấp cả trời mưa, đi tắm hàng ngày cứ thoải mái chẳng cần tháo đồng hồ ra. Thời lượng pin thì khoảng 1 tuần nếu để rông thôi còn ông nào kết nối đt liên tục, bật theo dõi nhịp tim liên tục, cài đặt ảnh mặt đồng hồ như trong hình, bật thông báo tin nhắn các kiểu con đà điểu thì tầm 3-4 ngày là hết. + Tải ảnh lên làm custom face thì hơi lâu, khoảng 2-3 phút để tải lên ( ít nhất là up ảnh trong hình này lên) ( chắc có thể là thời gian tải tùy vào chất lượng ảnh) so với đồng hồ gear s2,3 của samsung thì đồng hồ samsung chỉ mất vài giây để tải lên ( mà thôi tiền nào của nấy đừng trách hãng zeblaze :)) ), về cơ bản ông nào thích lấy ảnh nào cũng đc để làm face cho đồng hồ, ảnh tải từ google, ảnh chụp người yêu, vv các kiểu con đà điểu...... +Thông báo tin nhắn thì nội dung lỗi font tiếng việt nhiều, chắc chưa hỗ trợ tiếng Việt, ông nào hay giao tiếp với người nước ngoài bằng tiếng Anh thì không sao, đc cái thông báo hiện lên ngay lập tức sau khi nhận tin nhắn và đồng hồ sẽ rung để cho người dùng biết. + Màn hình hiển thị dưới trời nắng thì ko sáng lắm nhưng vẫn xem đc + Dây đeo thì tháo nhanh đc đấy nhưng chẳng biết mua dây đeo thay thế ở đâu? Đề nghị các đồng chí lãnh TGDĐ cho nhập dây đeo custom về ae còn mua :)). +Sạc thì cũng nhanh nhưng khi sạc thì tôi khuyên sạc sao cho khi sạc thì màn hình hiển thị chỉ cục pin chứ không phải hiển thị màn hình đồng hồ bình thường + Chức năng báo thức thì hiện tại chưa thể đưa ra nhận xét gì đc vì tôi ngủ say lắm, ai muốn đánh thức thì tát vào mặt mới dậy 😝. + Chức năng liên quan đến thể thao thì cũng chung chung, ngoài đi bộ thì còn chạy, đạp xe, đá banh,vv... Ông nào có nhu cầu thể thao hơn là tiện dụng thì bỏ thêm vài trăm mua con Xiaomi amazfit BIP mà dùng, hoặc muốn chỉ phục vụ nhu cầu thể thao thôi thì té qua đồng hồ của hãng Garmin mà dùng + Chức năng tìm lẫn nhau giữa đt và đồng hồ rất tiện lợi, tôi mấy lần để đồng hồ hay đt trong nhà không nhớ ở đâu thì nhờ cái này mới tìm dc, miễn sao là hai thiết bị vẫn kết nối với nhau thì đc. Đây là nhận xét thực tế đấy nhé, ông nào cần thắc mắc cứ hỏi tôi trả lời.",1
https://www.thegioididong.com/dong-ho-thong-minh/zeblaze-crystal-2-den,Đồng hồ thông minh Zeblaze Crystal 2 đen,Mới mua về. Đeo rất êm tay .độ phân giải màn hình nhìn rất đẹp. Phải thừa nhận là nhận thông báo nhanh. Mua qua zalopay còn 460k . Rất ok,2
https://www.thegioididong.com/dong-ho-thong-minh/zeblaze-crystal-2-den,Đồng hồ thông minh Zeblaze Crystal 2 đen,"Đồng hồ mới mua khá oke, pin chưa xài để xài rồi đánh giá thực tế,nhưng đẹp, giá khuyến mãi tốt, dây đeo mềm,lắc tay xem giờ,hiển thị tiếng việt lúc được lúc lỗi font,.....nhược điểm là ko thông báo Zalo, dán màn hình free 1 miếng (ko biết kiếm đâu thêm), dây cũng ko biết đâu kiếm,...hihi",5
https://www.thegioididong.com/dong-ho-thong-minh/zeblaze-crystal-2-den,Đồng hồ thông minh Zeblaze Crystal 2 đen,mới mua về xài được 1 ngày. Nhìn chung chức năng ổn so với giá cả. Riêng chức năng tính toán giấc ngủ thì không biết sử dụng sao: Buổi tối không đeo nên nó không chủ động đếm nhưng còn ngủ trưa thì nó không đếm gì luôn,4
https://www.thegioididong.com/dong-ho-thong-minh/zeblaze-crystal-2-den,Đồng hồ thông minh Zeblaze Crystal 2 đen,Qua 1 thời gian sử dụng thấy máy chạy ko đúng với chức năng đã đem đi gửi hãng đợi kết quả xem sao nhịp tim thì để đâu cũng đo được,5
https://www.thegioididong.com/dong-ho-thong-minh/zeblaze-crystal-2-den,Đồng hồ thông minh Zeblaze Crystal 2 đen,"Đẹp , ổn trong tầm giá, có điều mặt hơi nhỏ với lại ko biết mình đổi day khác đc. Ko",5
https://www.thegioididong.com/dong-ho-thong-minh/zeblaze-crystal-2-den,Đồng hồ thông minh Zeblaze Crystal 2 đen,"Mới mua qua ngon trong tầm giá mỗi tội ko có màn hình cảm ứng , phải kết nói với điện thoại thì mới có thể cài đặt giờ",4
https://www.thegioididong.com/dong-ho-thong-minh/zeblaze-crystal-2-den,Đồng hồ thông minh Zeblaze Crystal 2 đen,"Màn hình hiển thị tốt, dễ thao tác, bề ngoài đẹp, dây mềm đeo không có cảm giác cấn tay, các chức năng báo tin nhắn và cuộc gọi không hoạt động tối ưu vì là bản tiếng Anh. Gợi ý thêm chức năng cài đặt bảo vệ màn hình (cài hình nền), cần tải app giảm độ phân giải ảnh (kích thước hình ảnh) mới có thể cài được... CH Play: photoczip",1
https://www.thegioididong.com/dong-ho-thong-minh/zeblaze-crystal-2-den,Đồng hồ thông minh Zeblaze Crystal 2 đen,"Vừa mua hôm qua thấy đeo rất phù hợp vs tay nam, rất thích sản phẩm, đáng đồng tiền bỏ ra",5
https://www.thegioididong.com/dong-ho-thong-minh/zeblaze-crystal-2-den,Đồng hồ thông minh Zeblaze Crystal 2 đen,"Đã mua dùng, đếm bước chân không chính xác, pin tầm 3 ngày. Màn hình đẹp mua quà zalopay còn 460 ngàn. Tạm hài lòng trong mức giá.",5
https://www.thegioididong.com/dong-ho-thong-minh/zeblaze-crystal-2-den,Đồng hồ thông minh Zeblaze Crystal 2 đen,"Mẫu mã đẹp, app dễ xài, pin trâu hay chưa thì chưa biết, thấy xài nguyên ngày mới hết 1 nấc pin, tóm lại là ngon trong tầm giá",5
https://www.thegioididong.com/dong-ho-thong-minh/zeblaze-crystal-2-den,Đồng hồ thông minh Zeblaze Crystal 2 đen,Rất tốt. Những sản phẩm mấy triệu cũng chỉ có thế này. Giá tốt. Nhiều trức năng. Bên khá ổn. Ket nối liên tục đc 6 ngày,5
https://www.thegioididong.com/dong-ho-thong-minh/zeblaze-crystal-2-den,Đồng hồ thông minh Zeblaze Crystal 2 đen,"Rất tốt và pin lâu,3 ngày hết một vạch/4.nói chung là không có gì để chê,hơn miband 3",3
https://www.thegioididong.com/dong-ho-thong-minh/zeblaze-crystal-2-do,Đồng hồ thông minh Zeblaze Crystal 2 đỏ,"Cuối cùng là một cặp, đồng hồ rất đẹp, tất cả đều tốt... nhân viên chu đáo... hjhj",5
https://www.thegioididong.com/dong-ho-thong-minh/zeblaze-crystal-2-do,Đồng hồ thông minh Zeblaze Crystal 2 đỏ,Không đeo vào tay mà vẫn đo đc nhịp tim hay thật.còn đồng hồ thì cứ nhảy lung tung khi đã kết nối vào đt,5
https://www.thegioididong.com/dong-ho-thong-minh/zeblaze-crystal-2-xanh-duong,Đồng hồ thông minh Zeblaze Crystal 2 xanh dương,Bluetooth cứ tự động bị ngắt. Không nhận được thông báo cuộc gọi hay tin nhắn. Còn lại thì ổn.,5
https://www.thegioididong.com/dong-ho-thong-minh/zeblaze-crystal-2-xanh-duong,Đồng hồ thông minh Zeblaze Crystal 2 xanh dương,Dùng cũng ok...mà bluetooth hay bị nối lại với đồng bộ pin k đúng k biết do lỗi hay bị gì k nữa,5
https://www.thegioididong.com/dong-ho-thong-minh/zeblaze-plug,Vòng tay thông minh Zeblaze Plug,"Đồng hồ rẻ và đẹp, có các chế độ đo nhịp tim và huyết áp. Mình mua tặng cho ba, ba rất thích!!!",1
https://www.thegioididong.com/dong-ho-thong-minh/zeblaze-plug,Vòng tay thông minh Zeblaze Plug,Đồng hồ này giá rẻ nhưng lại rất đẹp và tiện lợi mình rất thích con mình cũng rất thích,4
https://www.thegioididong.com/dong-ho-thong-minh/zeblaze-plug,Vòng tay thông minh Zeblaze Plug,vừa nhận sản phẩm song về nhà kiểm tra thì bị sây xước quá nhiều k kết nối với điện thoại được sạc thì k vào quá thất vọng,4
https://www.thegioididong.com/dong-ho-thong-minh/sinophy-sport-b12,Vòng tay thông minh Sinophy Sport B12 Đen,"Tôi mới nhận được hàng, quá tuyệt vời, nhân viên bán hàng phục vụ tận tình và chu dáo, vui tính dễ thương lắm, kể cả anh trông rữ xe máy, dây deo thông minh dẹp tuyệt vời, y như trong hình,tôi là khách hàng thân thiết mua dược giá thấp quá trời luôn OK có 140.000d",5
https://www.thegioididong.com/dong-ho-thong-minh/sinophy-sport-b12,Vòng tay thông minh Sinophy Sport B12 Đen,Màn hình hiển thị ra ngoài trời hơi khó nhìn. Đo nhịp tim huyết áp ok Pin trên wed để 3 ngày nhưng thực tế được 1 ngày thôi Sạc khá nhanh đầy pin Mình đã thử ip67 bằng cách đi bơi vẫn không sao!_,5
https://www.thegioididong.com/dong-ho-thong-minh/sinophy-sport-b12,Vòng tay thông minh Sinophy Sport B12 Đen,Sản phẩm tốt trong tầm giá. Có cả đưa tay lên sáng màn hình nha các bạn. Mua về trải nghiệm rất thích.,1
https://www.thegioididong.com/dong-ho-thong-minh/sinophy-sport-b12,Vòng tay thông minh Sinophy Sport B12 Đen,"Sản phẩm khá nhiều tiện ích, đo cùng lúc 3 thiết bị thì các chỉ số chênh lệch cũng không lớn, khoảng 3 đơn vị. Dây đeo cũng khá ổn trong tầm giá. Màn hình màu đẹp cũng khá nét. Pin sạc nhanh với 2A. Tính năng báo tin nhắn, báo cuộc gọi có hiển thị cả chữ nhưng chưa tối ưu lắm vì là bản tiếng Anh. Không nhấc tay lên sáng màn hình được. Điểm cộng so với các vòng tay cùng phân khúc hay cao hơn là tính năng đo huyết áp. Có 3 kiểu mặt đồng hồ, thay đổi bằng cách nhấn giữ khoảng 3 - 4 giây khi đang ở chế độ mặt đồng hồ.",5
https://www.thegioididong.com/dong-ho-thong-minh/sinophy-sport-b12,Vòng tay thông minh Sinophy Sport B12 Đen,"Sản phẩm đẹp phù hợp giá tiền, mới mua lúc chiều, chưa dùng nhiều không biết về sau thế nào, xạc pin đầy rồi nhưng tắt nguồn để 3 tiếng sau mở lên cạn pin, không biết đây có phải là lỗi không thì chưa biết, sáng mai sẽ đem đến kiểm tra lại",4
https://www.thegioididong.com/dong-ho-thong-minh/sinophy-sport-b12,Vòng tay thông minh Sinophy Sport B12 Đen,"Dùng ok, mang cũng thoải mái, nhưng chỉ có 1 dây cố định nên dễ lỏng, đã tự làm thêm 1 dây nữa cho chắc chắn. Mua 2 cái mang cặp, nhưng 2 cái mặt hiển thị khác nhau, lâu lâu thì nó tự đổi mà ko biết phải chỉnh cho cố định thế nào, vì thích mặt màu xanh hơn.",5
https://www.thegioididong.com/dong-ho-thong-minh/sinophy-sport-b12,Vòng tay thông minh Sinophy Sport B12 Đen,"Khá ổn trong tầm giá, tiếc là hình như ko có đưa tay lên tự sán màn hình. Có đo huyết áp, giá mà có thông báo zalo nữa thì tốt. Màn hình màu khá đẹp",5
https://www.thegioididong.com/dong-ho-thong-minh/sinophy-sport-b12,Vòng tay thông minh Sinophy Sport B12 Đen,Tháo dây khó mới mua về nhưng thử cả 4 dock sạc không vừa vs cái nào đang định đem qua cửa hàng coi sao,4
https://www.thegioididong.com/dong-ho-thong-minh/sinophy-sport-b12,Vòng tay thông minh Sinophy Sport B12 Đen,"Sản phẩm đầy đủ chức năng,nhân viên chỉ dẫn nhiệt tình, chỉ mỗi rút dây ra sạc pin hơi khó.",4
https://www.thegioididong.com/dong-ho-thong-minh/sinophy-sport-b12,Vòng tay thông minh Sinophy Sport B12 Đen,"Mua xài trải nghiệm thì ổn, khá thú vị, tiếc là chỉ có màu đen. Tính năng như quảng cáo.",4
https://www.thegioididong.com/dong-ho-thong-minh/sinophy-sport-b12,Vòng tay thông minh Sinophy Sport B12 Đen,Máy được ngon bổ rẻ phù hợp túi tiền có cái giao diện hơi xấu với phản ứng máy hơi chậm,3
https://www.thegioididong.com/dong-ho-thong-minh/sinophy-sport-b12,Vòng tay thông minh Sinophy Sport B12 Đen,"Mới mua, dùng thấy cũng ổn, giao diện k được đẹp lắm. Nhưng với giá tiền như thế thì cũng chấp nhận được",3
https://www.thegioididong.com/dong-ho-thong-minh/sinophy-sport-b12,Vòng tay thông minh Sinophy Sport B12 Đen,"Tiền nào của đó. Các thao tác đơn giản đc oki tốt. Khó xài, khó sạc. Nhiều thao tác hơn khó hiểu",4
https://www.thegioididong.com/dong-ho-thong-minh/sinophy-sport-b12,Vòng tay thông minh Sinophy Sport B12 Đen,"Ok.Rất tốt,hàng chất lượng,nhân viên giúp đỡ tận tình.Lần sau tôi sẽ đặt tiếp đồ thông minh trên “Thế giới đi động”",4
https://www.thegioididong.com/dong-ho-thong-minh/sinophy-sport-b12,Vòng tay thông minh Sinophy Sport B12 Đen,"ĐỒng hộ sài tốt,đo nhịp tim hay lương calories bước chân,... đều chính xác ;) có phần mềm tuỳ biến riêng,tuyệt vời!Pin sài 2 ngày rưỡi mới hết sạch! nhưng mặt đồng hồ hay đổi sang kiểu khác -_- nên chỉ cho 4 sao",5
https://www.thegioididong.com/dong-ho-thong-minh/sinophy-sport-b12,Vòng tay thông minh Sinophy Sport B12 Đen,"Chất lg sp tốt, chỉ kết nối hơi lâu vs điện thoại pin chắc tầm 2 ngày, mới ra thấy rẻ nên mua.",3
https://www.thegioididong.com/dong-ho-thong-minh/sinophy-sport-b12,Vòng tay thông minh Sinophy Sport B12 Đen,Hao pin quá nhanh... Chỉ nghịch đồng hồ tầm 1 tiếng mà từ 57% tụt xuống 16%. Còn cái khác thì cũng ok,5
https://www.thegioididong.com/dong-ho-thong-minh/sinophy-sport-b12,Vòng tay thông minh Sinophy Sport B12 Đen,"Pin kết nối bluetooth, tắt wifi, gps, bỏ đo nhịp tim và stress liên tục thì đc 1 ngày rưỡi. Vẫn chưa tự động phát hiện khi tập gym các bài hoạt động manh, chưa có mục cho bơi lội. Đồng hồ nhìn cũng hơi dày.",4
https://www.thegioididong.com/dong-ho-thong-minh/sinophy-sport-b12,Vòng tay thông minh Sinophy Sport B12 Đen,"Sản phẩm tuyệt vời, đeo vừa tay. Đồng hồ khi trên tay nhìn mỏng gọn hơn trong hình",5
https://www.thegioididong.com/dong-ho-thong-minh/samsung-galaxy-watch-active-r500,Đồng hồ thông minh Samsung Galaxy Watch Active R500,"Pin quá tệ, sáng sớm sạc đầy 100%, mang liên tục đến 7h tối chỉ còn 15%. Sai quá xa so với quảng cáo, chán....",3
https://www.thegioididong.com/dong-ho-thong-minh/samsung-galaxy-watch-active-r500,Đồng hồ thông minh Samsung Galaxy Watch Active R500,Pin nếu kết nối bluetooth cả ngày thì đc tầm 2 ngày rưỡi. Chưa test thử không kết nối,4
https://www.thegioididong.com/dong-ho-thong-minh/samsung-galaxy-watch-active-r500,Đồng hồ thông minh Samsung Galaxy Watch Active R500,Quá thất vọng về pin. K xài đc đến 5 ngày như ss quảng cáo. Giỏi lắm trụ đc 2.5 ngày nếu k mở bluetooth và các cảm biến. Nếu mở thì xác định chưa chắc 1 ngày( k cần bật gps).,5
https://www.thegioididong.com/dong-ho-thong-minh/samsung-galaxy-watch-active-r500,Đồng hồ thông minh Samsung Galaxy Watch Active R500,"Hình thức đẹp, thời trang; các tính năng sử dụng cũng đầy đủ, phù hợp với 1 chiếc smart watch. Nhưng có 1 vấn đề là đèn đo nhịp tim cứ nhấp nháy 24/7 khi đeo dù đã off rate heart, dẫn đến hao pin hao nguồn. Không biết có phải lỗi sản xuất hay không vì các dòng khác như Gear không có hiện tượng này.",1
https://www.thegioididong.com/dong-ho-thong-minh/samsung-galaxy-watch-active-r500,Đồng hồ thông minh Samsung Galaxy Watch Active R500,"Đã mua, khá hài lòng, đẹp. Đồ họa rất sắc nét, chức năng khá đầy đủ, có thể chỉ đường đi lái xe nên rất thuận tiện. Giá cả hợp lí. Các bạn nữ nên mua",5
https://www.thegioididong.com/dong-ho-thong-minh/samsung-galaxy-watch-active-r500,Đồng hồ thông minh Samsung Galaxy Watch Active R500,"Sản phẩm tốt. Mình dùng màu đen, bắt đầu dùng từ 7 giờ sáng đêan 7 giờ tối còn khoảng 66% pin. Trừ GPS không bật thì mọi chức năng đều chạy liên tục.",1
https://www.thegioididong.com/dong-ho-thong-minh/samsung-galaxy-watch-active-r500,Đồng hồ thông minh Samsung Galaxy Watch Active R500,"Nhìn hình thức đẹp, tuy nhiên hơi thất vọng so với quảng cáo, trước quảng cáo có tính năng đo huyết áp. Khi ra mắt lại không....",3
https://www.thegioididong.com/dong-ho-thong-minh/samsung-galaxy-watch-active-r500,Đồng hồ thông minh Samsung Galaxy Watch Active R500,"Đồng hồ này rất đẹp, size thực tế là 40mm, phù hợp với nữ và những người có cổ tay bé.Dây đeo có thể dễ dàng tháo lắp thay thế nên có thể xài dây đeo tùy sở thích.",5
https://www.thegioididong.com/dong-ho-thong-minh/samsung-galaxy-watch-active-r500,Đồng hồ thông minh Samsung Galaxy Watch Active R500,"Đây thật sự là một siêu phẩm đáng giá từ Samsung So với Watch thì Watch Active nhỏ gọn,đẹp mắt hơn hẳn Pin thì ok chứ không quá ấn tượng, Nói chung là máy rất tốt so với giá bán",5
https://www.thegioididong.com/dong-ho-thong-minh/samsung-galaxy-watch-active-r500,Đồng hồ thông minh Samsung Galaxy Watch Active R500,"Sản phẩm tốt duy chỉ có pin hơi yếu còn lại rất ok, nhân viên phục vụ nhiệt tình rất hài lòng khi mua hàng ở TGDD.",3
https://www.thegioididong.com/dong-ho-thong-minh/samsung-galaxy-watch-active-r500,Đồng hồ thông minh Samsung Galaxy Watch Active R500,"Chán nhất quả pin, chưa bao giờ dùng được 2 ngày trọn vẹn trong khi chẳng sử dụng ứng dụng gì nhiều, chủ yếu là chạy đồng hồ màn hình luôn bật mức độ sáng 7 và bật tự động giảm độ sáng. Ông Samsung nổ ác quá. Được mỗi cái mã. Giá còn chát so với giá trị thực của sản phẩm. Con 46mm tầm 5 triệu thì vừa. Chắc giảm giá nhanh thôi.",4
https://www.thegioididong.com/dong-ho-thong-minh/samsung-galaxy-watch-active-r500,Đồng hồ thông minh Samsung Galaxy Watch Active R500,Nhân viên phục vụ chu đáo . Sản phẩm tốt. Rất thích mua ở thế giới di động mặc dù giá cao hơn chỗ khác,5
https://www.thegioididong.com/dong-ho-thong-minh/samsung-galaxy-watch-46mm,Đồng hồ thông minh Samsung Galaxy watch 46mm,"Theo dõi chỉ số cơ thể tốt, pin ok, kiểu dáng đẹp thể thao nam tính mạnh mẽ. Nói chung good",5
https://www.thegioididong.com/dong-ho-thong-minh/samsung-galaxy-watch-46mm,Đồng hồ thông minh Samsung Galaxy watch 46mm,"Đã mua ở thế giới di động, sản phẩm đẹp thể thao nhìn sang trọng, rất hài lòng...",3
https://www.thegioididong.com/dong-ho-thong-minh/samsung-galaxy-watch-46mm,Đồng hồ thông minh Samsung Galaxy watch 46mm,"Mua rồi, cảm thấy khá ưng ý, mẫu đẹp, chống nước cực tốt luôn, phù hợp với tầm giá",4
https://www.thegioididong.com/dong-ho-thong-minh/samsung-galaxy-watch-46mm,Đồng hồ thông minh Samsung Galaxy watch 46mm,Nhận stress đúng lúc Chống nước ổn không lo mưa Đo nhịp tim pin khoảng 2 3 ngày,4
https://www.thegioididong.com/dong-ho-thong-minh/samsung-galaxy-watch-46mm,Đồng hồ thông minh Samsung Galaxy watch 46mm,"Sản phẩm dùng tốt. Ưu điểm tính năng nhận viết streess đúng lúc kịp thời, chống nước tốt.",3
https://www.thegioididong.com/dong-ho-thong-minh/samsung-galaxy-watch-46mm,Đồng hồ thông minh Samsung Galaxy watch 46mm,"Đeo lên tay cũng xinh, thích cái chống thấm của con này, tính mình hậu đậu nên hay đeo đi tắm rửa bát các kiểu mà không bị hư là thấy đỡ được đoạn tháo ra rồi. Pin ok sài được 2 3 ngày. Giá hợp lí.",3
https://www.thegioididong.com/dong-ho-thong-minh/samsung-galaxy-watch-46mm,Đồng hồ thông minh Samsung Galaxy watch 46mm,"Đẹp, vừa tay hợp với con trai hơn. Lâu lâu nhận biết được đang stress cũng hay. Xài với đt samsung là ok nhất.",3
https://www.thegioididong.com/dong-ho-thong-minh/samsung-galaxy-watch-46mm,Đồng hồ thông minh Samsung Galaxy watch 46mm,"Sản phẩm nói chung là đẹp, thiết kế ok, dễ sử dụng, tiện lợi. Đặc biệt thích hợp cho ai hay nghe điện thoại ngoài đường và luyện tập thể thao. Giá như kích thước nhỏ và mỏng hơn chút nữa là tuyệt vời rồi.",4
https://www.thegioididong.com/dong-ho-thong-minh/samsung-galaxy-watch-46mm,Đồng hồ thông minh Samsung Galaxy watch 46mm,Tốt nhưng k hiểu vì sao cái dữ liệu giấc ngủ chạy tùm lum tùm la khó hiểu. Mới đưa đi thẩm định bảo k lỗi chạy lại ct tối về lại vẫn như cũ chạy bộ lo công việc thí mà 2h sau báo dữ liệu giấc ngủ..anh muốn bên e cho a 1 lời giải thích. Lúc mua về lm j có chuyện này chứ . Ngày mai liên hệ lại cho anh,4
https://www.thegioididong.com/dong-ho-thong-minh/samsung-galaxy-watch-46mm,Đồng hồ thông minh Samsung Galaxy watch 46mm,"Pin khỏe, dùng khá ổn, tính năng cơ bản đáp ứng nhu cầu hàng ngày. Ps: nhọ thật vừa mua xong thì giảm giá.",4
https://www.thegioididong.com/dong-ho-thong-minh/samsung-galaxy-watch-46mm,Đồng hồ thông minh Samsung Galaxy watch 46mm,"Rất hài lòng. Pin tốt nhất trong các smartwatch đã dùng, chống nước, đọc rin nhắn (zalo thì chưa), skin cũng khá ( mong sau ra nhiều skin), tính năng ít giúp máy bớt hao pin, so vơi 1 smartwath là quá tốt, những tính năng khác như ss galaxy s quá dư, chơi chừng 1 tháng là chán",5
https://www.thegioididong.com/dong-ho-thong-minh/samsung-galaxy-watch-46mm,Đồng hồ thông minh Samsung Galaxy watch 46mm,sản phẩm cực đẹp pin dùng rất trâu nha mọi người từ ngày mua đến giờ vẫn còn 30% pin dự e này cạn pin chac cũng hơn 15ngay,4
https://www.thegioididong.com/dong-ho-thong-minh/samsung-galaxy-watch-46mm,Đồng hồ thông minh Samsung Galaxy watch 46mm,"Quá tuyệt vời, Rẻ, đẹp, pin lâu, tính năng đơn giản. Rất đang với số tiền bỏ ra.",4
https://www.thegioididong.com/dong-ho-thong-minh/samsung-galaxy-watch-46mm,Đồng hồ thông minh Samsung Galaxy watch 46mm,"Hàng ngon mà bực mình vừa mua đc tuần, tuần sau giảm 700k nên cho 1*. Giá như nv tư vấn biết đc trước giảm 700k thì đỡ hơn. Bực cả mình",4
https://www.thegioididong.com/dong-ho-thong-minh/samsung-galaxy-watch-46mm,Đồng hồ thông minh Samsung Galaxy watch 46mm,"Kết nối tất cả, bắt thông báo tất cả mà nó vẫn k thông báo tin nhận. Máy ổn, chất lượng đẹp",4
https://www.thegioididong.com/dong-ho-thong-minh/samsung-galaxy-watch-46mm,Đồng hồ thông minh Samsung Galaxy watch 46mm,"Mình mua và sd nay đc gần 1 tuần. Điều mình cảm thấy khó diễn tả nhất là mình thấy tiếc là vì sao lại sở hữu quá muộn. Đáng lẽ ra mình nên mua sớm hơn vì thật sự nó đẹp và sang lại rất tiện lợi. Cảm ứng nhạy,loa nghe rõ khi đàm thoại. Thật sự chưa tìm ra điểm nào để chê cả.",4
https://www.thegioididong.com/dong-ho-thong-minh/samsung-galaxy-watch-46mm,Đồng hồ thông minh Samsung Galaxy watch 46mm,"Sản phẩm ngon bổ rẻ, pin khá trâu, tuy chất lượng hiển thị độ sáng hơi kém chút nhưng cũng oke",5
https://www.thegioididong.com/dong-ho-thong-minh/samsung-galaxy-watch-46mm,Đồng hồ thông minh Samsung Galaxy watch 46mm,"Nguyên nhân 1 số bạn bảo đồng hồ hao pin,dùng không đến 20 ngày là do bạn sử dụng nhiều,hoặc bật tất cả tính năng không cần thiết trên ứng dụng Mi Fit,khiến cho đồng hồ phải làm việc liên tục nên hao pin,tuổi thọ pin kém.",4
https://www.thegioididong.com/dong-ho-thong-minh/samsung-galaxy-watch-46mm,Đồng hồ thông minh Samsung Galaxy watch 46mm,"Sản phẩm rất tốt, không chê vào đâu được, pin xài trâu tận 26 ngày cho 1 lần sạc.",3
https://www.thegioididong.com/dong-ho-thong-minh/samsung-galaxy-watch-46mm,Đồng hồ thông minh Samsung Galaxy watch 46mm,"Mua được gần nửa tháng, nhưng không kết nối điện thoại mà pin chỉ dùng được 8 ngày",2
https://www.thegioididong.com/dong-ho-thong-minh/samsung-galaxy-watch-46mm,Đồng hồ thông minh Samsung Galaxy watch 46mm,"Mình mua miband 3 và đổi tới lần thứ 3 rồi, bình thường dùng thì tốt nhưng tới lúc sạc thì máy rất kén sạc, nhà có 4 cục sạc iphone nhưng miband không nhận sạc của cái nào hết. Mình phải sạc bằng sạc ipad 10w mới vô được, rất bất tiện. Có ai bị tình trạng kén sạc như vậy không?",3
https://www.thegioididong.com/dong-ho-thong-minh/samsung-galaxy-watch-46mm,Đồng hồ thông minh Samsung Galaxy watch 46mm,"Tôi đã dùng được 5 tháng nên có vài nhận xét: chất lượng tương xứng với giá tiền, đáp ứng các nhu các nhu cầu cơ bản, pin dùng khoảng 20 ngày",1
https://www.thegioididong.com/dong-ho-thong-minh/apple-watch-s3-gps-42mm-vien-nhom-day-cao-su-den,Apple Watch S3 GPS 42mm viền nhôm xám dây cao su màu đen MTF32VN/A,"Cuộc gọi không hiện tên như trong danh bạ, zalo facebook không gửi thông báo (Dù đã kết nối), không nhậy lắm, wifi có cũng như không, thời tiết đo không đúng... Rất tệ, hối hận khi mua, ai định và đã đặt mà chưa mua,mình khuyên không nên mua, thật thất vọng!",5
https://www.thegioididong.com/dong-ho-thong-minh/apple-watch-s3-gps-42mm-vien-nhom-day-cao-su-den,Apple Watch S3 GPS 42mm viền nhôm xám dây cao su màu đen MTF32VN/A,"Ngoại hình đẹp, cảm ứng nhạy, hiển thị ngoài trời tốt, trong nhà hơi tối. Có 1 nhược điểm: phần mềm ""Amazfit Watch"" không kết nối được với Android 9.0 mà phải sử dụng 1 thiết bị khác có HĐH cũ hơn kết nối rồi up firmware của đồng hồ lên bản mới nhất mới sử dụng được. Nhân viên thân thiện, niềm nở, tư vấn nhiệt tình. Mua tại siêu thị Điện Máy Xanh Hòa Khánh, Cái Bè, Tiền Giang.",5
https://www.thegioididong.com/dong-ho-thong-minh/apple-watch-s3-gps-42mm-vien-nhom-day-cao-su-den,Apple Watch S3 GPS 42mm viền nhôm xám dây cao su màu đen MTF32VN/A,"Chào shop , em đã nhận được hàng . E vote cho 5sao vì sản phẩm quá ok và phục vụ bên shop . Bên shop có bán miếng dán màn hình cho loại đồng hồ này ko . Và khi muốn xem giờ thì phải bật nút à hay có chức năng nhắc tay lên là màn hình sáng ko",5
https://www.thegioididong.com/dong-ho-thong-minh/apple-watch-s3-gps-42mm-vien-nhom-day-cao-su-den,Apple Watch S3 GPS 42mm viền nhôm xám dây cao su màu đen MTF32VN/A,"Sử dụng tốt, pin lâu, nhẹ. Cám ơn điện máy xanh đã bán hàng chính hãng. Thời lượng pin phải nói là rất là lâu.",5
https://www.thegioididong.com/dong-ho-thong-minh/apple-watch-s3-gps-42mm-vien-nhom-day-cao-su-den,Apple Watch S3 GPS 42mm viền nhôm xám dây cao su màu đen MTF32VN/A,"Tuyệt vời, mua về update thêm font tiếng việt là quá ok! Chỉ là up thêm font nên k ảnh hưởng bảo hành hihi",5
https://www.thegioididong.com/dong-ho-thong-minh/huawei-watch-gt-xanh-la-cay,Đồng hồ thông minh Huawei Watch GT Active Edition màu xanh lá cây,Ngon bổ rẻ. Ai muốn cài full tv menu cũng như thông báo thì seach nhóm xiaomi amazfit bip nhé. Hướng dẫn tận tình luôn.,5
https://www.thegioididong.com/dong-ho-thong-minh/apple-watch-s4-gps-44mm-vien-nhom-day-cao-su-den,Apple Watch S4 GPS 44mm viền nhôm dây cao su màu đen (MU6D2VN/A),"Đã mua và sử dụng rất ok. Phù hợp với giá tiền, nhân viên tư vấn nhiệt tình Tuy nhiên còn lỗi font tiếng việt",5
https://www.thegioididong.com/dong-ho-thong-minh/samsung-galaxy-watch-42mm,Đồng hồ thông minh Samsung Galaxy Watch 42mm,"Mới mua về mà kết nối với ứng dụng mi fip không được , mang ra cho kỹ thuật TGDD kiểm tra kết nối cũng chịu bó tay , phải chăng bán hàng lỗi",2
https://www.thegioididong.com/dong-ho-thong-minh/samsung-galaxy-watch-42mm,Đồng hồ thông minh Samsung Galaxy Watch 42mm,nhân viên nhiệt tình. còn một số thắc mắc quên hỏi.đồng hồ có hỗ trợ thông báo tiếng việt ko ạ.làm sao để tải thêm mặt đồng hồ .,5
https://www.thegioididong.com/dong-ho-thong-minh/samsung-galaxy-watch-42mm,Đồng hồ thông minh Samsung Galaxy Watch 42mm,"mới mua về được 1 hôm nhưng bị lỗi sạc, máy đặt vào đốc sạc không khít, cắm vào chập chờn, máy như máy cũ vậy, đề nghị đổi máy khác",5
https://www.thegioididong.com/dong-ho-thong-minh/samsung-galaxy-watch-42mm,Đồng hồ thông minh Samsung Galaxy Watch 42mm,Đồng hồ xài tốt thế giới di động phục vụ tốt yên tâm khi mua ở đây. Rất hài lòng.,5
https://www.thegioididong.com/dong-ho-thong-minh/samsung-galaxy-watch-42mm,Đồng hồ thông minh Samsung Galaxy Watch 42mm,"Thất vọng về sp, pin tụt nhanh như tụt quần còn sạc từ 50 phần trăm mất gần 3h. K thể sạc đầy pin vì máy báo quá nóng k thể sạc nữa. Lúc mình mua thì hộp đã bị bóc và k có HDSD đi kèm với lý do mà nhân viên siêu thị đưa ra là hiện tại chỉ còn một máy mong a thông cảm. Mình muốn đổi trả sp và mong TGDĐ k bán hàng đã bóc hộp cho khách.",4
https://www.thegioididong.com/dong-ho-thong-minh/samsung-galaxy-watch-42mm,Đồng hồ thông minh Samsung Galaxy Watch 42mm,"Mới sử dụng. Rất hài lòng, thông báo zalo hay mess đầy đủ, pin dùng thoải mái 2 ngày rất đẹp đẹp hơn cả bản 46mm, tính cho 4* vì pin tầm 3 ngày thì tốt hơn, nhưng vì đẹp mượt nên sẽ cho 5*",4
https://www.thegioididong.com/dong-ho-thong-minh/samsung-galaxy-watch-42mm,Đồng hồ thông minh Samsung Galaxy Watch 42mm,"Đã mua và đã trả sản phẩm, sản phẩm làm tốn rất nhiều thời gian từ mình, từ khi TGDD bán sản phẩm đã quảng bá quá lố đi chức năng của sản phẩm để khách hàng mua từ bluetooth 4.2 mà quảng bá lên bluetooth 5.0 trên thông tin kỹ thuật, và từ khi mình phản hồi hôm 11.03.2019 TGDD đã sửa lại thông tin và các khách hàng trước điều nhầm tưởng là bluetooth 5.0. Quá thất vọng trước một đại lý bán hàng công nghệ lớn nhất nhì Việt Nam như vậy.",4
https://www.thegioididong.com/dong-ho-thong-minh/samsung-galaxy-watch-42mm,Đồng hồ thông minh Samsung Galaxy Watch 42mm,"Sản phẩm dùng rất tốt, nhiều chế độ luyện tập Kháng nước tốt nên dễ rửa, vệ sinh, đi bơi ok Nhận thông báo fb, mess, zalo, email đủ cả Nghe gọi ổn định nhưng loa nghe k trong lắm",1
https://www.thegioididong.com/dong-ho-thong-minh/samsung-galaxy-watch-42mm,Đồng hồ thông minh Samsung Galaxy Watch 42mm,"Oke, giao diện đẹp dễ sử dụng đặc biệt vòng bẻnzen. 1 năm rồi mà như mới. Chống nước tuyệt vời.",5
https://www.thegioididong.com/dong-ho-thong-minh/samsung-galaxy-watch-42mm,Đồng hồ thông minh Samsung Galaxy Watch 42mm,Pin mau hết quá. Có cách nào pin lâu hết không. Sử dụng từ sáng chưa đến chiều đả hết,5
https://www.thegioididong.com/dong-ho-thong-minh/samsung-galaxy-watch-42mm-rose-gold,Đồng hồ thông minh Samsung Galaxy Watch 42mm Rose Gold,"Đồng hồ đẹp, thiết kế sang trọng. Được tặng phiếu mua hàng 1 triệu. Nhân viên tư vấn nhiệt tình, vui vẻ.",4
https://www.thegioididong.com/dong-ho-thong-minh/samsung-galaxy-watch-42mm-rose-gold,Đồng hồ thông minh Samsung Galaxy Watch 42mm Rose Gold,"Đồng hồ thiết kế đẹp,sang trọng. Có tích hợp được với hệ điều hành ios. Rất nhiều tính năng bổ ích",4
https://www.thegioididong.com/dong-ho-thong-minh/samsung-galaxy-watch-42mm-rose-gold,Đồng hồ thông minh Samsung Galaxy Watch 42mm Rose Gold,"thiết kế rất đẹp lại sang trọng, tiện lợi khi nghe gọi ngoài đường, nhìu giao diện đồng hồ đẹp , có thể thay đổi thường xuyên",5
https://www.thegioididong.com/dong-ho-thong-minh/samsung-galaxy-watch-42mm-rose-gold,Đồng hồ thông minh Samsung Galaxy Watch 42mm Rose Gold,Mình đã mua và đang sài em này! Rất thích em này vì nó có nhiều tính năng rất hay! Xài chung với em note 8 thì còn tuyệt vời hơn nữa! Mình đang dùng2 em này! Chất lương sản phẩm rất tốt!,5
https://www.thegioididong.com/dong-ho-thong-minh/samsung-galaxy-watch-42mm-rose-gold,Đồng hồ thông minh Samsung Galaxy Watch 42mm Rose Gold,"Đồng hồ xài tốt mượt mà, thiết kế rất đẹp lại sang trọng, tiện lợi khi nghe gọi ngoài đường, rất hài lòng với sản phẩm này",5
https://www.thegioididong.com/dong-ho-thong-minh/samsung-galaxy-watch-42mm-rose-gold,Đồng hồ thông minh Samsung Galaxy Watch 42mm Rose Gold,"đồng hồ mặt lớn, hiển thị tốt, tương thích nhiều thiết bị. dây đeo mềm, nhẹ. chống nước tốt",5
https://www.thegioididong.com/dong-ho-thong-minh/samsung-galaxy-watch-42mm-rose-gold,Đồng hồ thông minh Samsung Galaxy Watch 42mm Rose Gold,"mình mua sản phẩm này đã hơn 1 năm rồi nhưng sử dụng rất tốt. rất tiện nghi, nhân viên tư vấn rất nhiệt tình. cám ơn điện máy xanh",4
https://www.thegioididong.com/dong-ho-thong-minh/samsung-gear-fit2-pro,Vòng đeo tay thông minh Samsung Gear Fit2 Pro,"Mọi chức năng tuyệt vời nhưng pin hơi kém,nếu pin được 3 đến 4 ngày thì quá tuyệt 5 sao",3
https://www.thegioididong.com/dong-ho-thong-minh/samsung-gear-fit2-pro,Vòng đeo tay thông minh Samsung Gear Fit2 Pro,"Hay bị lỗi phần mềm, bị đen màn hình phải reset lại. Hay lỗi pin không sử dụng cũng bị hết pin trọng nửa ngày",5
https://www.thegioididong.com/dong-ho-thong-minh/samsung-gear-fit2-pro,Vòng đeo tay thông minh Samsung Gear Fit2 Pro,"Tôi cũng vừa mua S3 và kết nối iPhone 8. Cũng bị lỗi không nhận cuộc gọi như bạn Ích ở dưới. Và giờ tôi xử lý đc rồi. Khác với kết nối Android, kết nối iphone để nhận đc cuộc gọi thì bạn vào kết nối Bluetooth của iphone và kết nối với cả 2 mã thiết bị của S3. Ví dụ của tôi sẽ hiển thị A671 LE và A671 thì phải kết nối bluetooth với cả 2 mã này. Thế là nhận đc cuộc gọi.",5
https://www.thegioididong.com/dong-ho-thong-minh/samsung-gear-fit2-pro,Vòng đeo tay thông minh Samsung Gear Fit2 Pro,"Sản phẩm rất tốt dùng mượt mà ko bị đơ,màn hình cảm ứng rất nhạy rất tốt,tôi cảm thấy rất hài lòng về sản phẩm.",1
https://www.thegioididong.com/dong-ho-thong-minh/samsung-gear-fit2-pro,Vòng đeo tay thông minh Samsung Gear Fit2 Pro,"Mình mua được 1 tuần. Mỗi buổi tối đi ngủ ,mình tắt nguồn. Như vậy có ảnh hưởng gì k ad",5
https://www.thegioididong.com/dong-ho-thong-minh/samsung-gear-fit2-pro,Vòng đeo tay thông minh Samsung Gear Fit2 Pro,"đồng hồ hơi lớn so với nữ, nếu có mẫu của nữ thì tuyệt vời, chất lượng tốt, hàng samsung được cái mẫu mã đẹp",5
https://www.thegioididong.com/dong-ho-thong-minh/samsung-gear-fit2-pro,Vòng đeo tay thông minh Samsung Gear Fit2 Pro,nhìn bao quát sản phẩm rất sẵn trong và quý phái ohu hợp cho nam giới sử dụng rất tuyệt vời,5
https://www.thegioididong.com/dong-ho-thong-minh/samsung-gear-fit2-pro,Vòng đeo tay thông minh Samsung Gear Fit2 Pro,Đồng hồ này xài cũng êm và cũng dể sử dụng và tiện lợi cho việc nghe gọi ở ngoài đường và thiết kế rất đẹp,5
https://www.thegioididong.com/dong-ho-thong-minh/huawei-band-3e-mau-den,Vòng tay thông minh Huawei Band 3e màu đen,Fitbit charge 3 có nhận đc cuộc gọi đến và trả lời tin nhắn đc ko shop. Mình ở điện biên nếu muốn mua hàng thì mua như thế nào.,3
https://www.thegioididong.com/dong-ho-thong-minh/huawei-band-3e-mau-den,Vòng tay thông minh Huawei Band 3e màu đen,"Pin kém quá! Công bố khoảng 2 ngày, nhưng xài tiết kiệm nhất, chỉ báo cuộc gọi đến, còn lại tắt hết, cũng chỉ được chưa đến 24h. Nên công bố chất lượng, chức năng, khả năng....sát với thực tế!",4
https://www.thegioididong.com/dong-ho-thong-minh/huawei-band-3e-mau-den,Vòng tay thông minh Huawei Band 3e màu đen,Mình mới mua máy trải nghiệm được một ngày.thật sự bỏ số tiền không phải lớn cũng không nhỏ .nhưng khi trải nghiệm Mình thất vọng về pin của sản phẩm quá.nói xài hai ngày chắc 5h hết xài rồi chưa nói 24h.ai có quận tâm hãy súy nghĩ .pin yếu như U70,4
https://www.thegioididong.com/dong-ho-thong-minh/huawei-band-3e-mau-den,Vòng tay thông minh Huawei Band 3e màu đen,Sài ổn.có điều nhanh hết pin quá. Chạy ko mượt lắm. Đo nhịp tim nhiều cảm giác bị nóng,4
https://www.thegioididong.com/dong-ho-thong-minh/huawei-band-3e-mau-den,Vòng tay thông minh Huawei Band 3e màu đen,"Cá nhân dùng mình thấy khá ổn,giá cả vừa phải,pin dùng đủ sài trong ngày,m mới dùng đc 2 tuần,mọi thứ đều ok,giá hợp lý nhé...👍",4
https://www.thegioididong.com/dong-ho-thong-minh/huawei-band-3e-mau-den,Vòng tay thông minh Huawei Band 3e màu đen,"Rất tot đã mua phin đc 2 ngày, hiện đc thong báo zalo face, phiên bản cap nhật 2.2 êm",4
https://www.thegioididong.com/dong-ho-thong-minh/huawei-band-3e-mau-den,Vòng tay thông minh Huawei Band 3e màu đen,"Mua đã sử dụng, xem đc youtobe, gởi điện , nghe gọi đc trên đồng hồ, chỉ mỗi cái zalo muốn hiện thông báo là phải cài đt về tiếng anh Pin tạm ổn, những đây là dồng hồ thông minh, k đòi hỏi nhiêu về pin",4
https://www.thegioididong.com/dong-ho-thong-minh/huawei-band-3e-mau-den,Vòng tay thông minh Huawei Band 3e màu đen,"Coi thông số kỹ thuật là IP6,7 nhưng lại bị vào nước màn hình. Gửi bảo hành thì không trả lời cụ thể, hỏi mãi mới báo là vệ sinh lại máy. Kiểm tra máy thì đồng hồ không thấy vệ sinh mà đang còn bị nứt đồng hồ .",4
https://www.thegioididong.com/dong-ho-thong-minh/huawei-band-3e-mau-den,Vòng tay thông minh Huawei Band 3e màu đen,Đồng hồ xài rất tốt có điều tính năng nhấn cổ tay lúc được lúc ko đồng hồ này rất tốt trong tầm giá,4
https://www.thegioididong.com/dong-ho-thong-minh/huawei-band-3e-mau-den,Vòng tay thông minh Huawei Band 3e màu đen,"mới mua được 2 ngày mà chưa thấy tụt nấc pin nào, trong hợp có sẵn 1 miếng dán, màn hình ra nắng thì rất mờ có khi ko nhìn thấy, rung mạnh (chỉ rung được có 3 lần), màn hình tự động sáng khi nâng cổ tay (sáng trong 5s), đo nhịp tim hơi ảo, tính bước chân thì 100% sai (ngồi 1 chổ cũng tính là đi mấy trăm bước), kết nối với adroi thì hay bị mất kết nối nên ko nhận được thông báo chỉ xem giờ bậy bạ nhưng ios thì kết nối tốt thấy vẫn liên tục. Có thể thay đổi hình nền theo ý mình thích. Tin nhắn chỉ lưu được có 3 tin, dây đeo hơi ngắn...Nói chung cũng vừa túi tiền hihi ai cần thông tin gì có thể ib mình qua zalo: ko ba ba ba ba ba sáu ba hai tư.",5
https://www.thegioididong.com/dong-ho-thong-minh/huawei-band-3e-mau-den,Vòng tay thông minh Huawei Band 3e màu đen,"vừa mới mua xong, có đc tặng sẵn 1 miếng dán màn hình trong hợp. đo nhịp tim thì ko biết chính xác ko, chứ đo bước chân thì sai 99% (ngồi trên xe mà cũng tính), rung mạnh mà chỉ rung có 2 lần rồi tắt luôn, tìm điện thoại thì phải có kết nối internet + blutut thì mới thông báo, dây đeo tốt nhưng hơi ngắn, cài hình nền theo ảnh mình chọn cũng dễ lắm, màn hình thì chỉ sáng 5s, ra ngoài nắng thì rất mờ. bạn nào thắc mắc ji ib zalo 0569895114 mình sẽ nói cho.",5
https://www.thegioididong.com/dong-ho-thong-minh/huawei-watch-gt,Đồng hồ thông minh Huawei Watch GT,Hàng được tặng kèm khi mua dt vivo v15 tes được 1 lần giờ bỏ vào tủ luôn không có chức năng nghe gọi trên đồng hồ,5
https://www.thegioididong.com/dong-ho-thong-minh/huawei-watch-gt,Đồng hồ thông minh Huawei Watch GT,"Đang dùng miband 2,3 mua thử e này xem có j hay hơn ko .nhưng thấy thậm chí ko bằng Miband 2 .đo ko chính xác. Bluetooth bắt 3m mới báo cuộc gọi pin ko bền.được cái màn hình to",5
https://www.thegioididong.com/dong-ho-thong-minh/huawei-watch-gt,Đồng hồ thông minh Huawei Watch GT,"Phục vụ kém, đặt giao hàng tận nơi xong đến giờ giao báo chuyển giao hàng sang siêu thị khác. Đợi 3 ngày chưa nhận được hàng khách hàng hủy đơn hàng mua chổ khác là đúng. Càng ngày càng thiếu chuyên nghiệp",5
https://www.thegioididong.com/dong-ho-thong-minh/huawei-watch-gt,Đồng hồ thông minh Huawei Watch GT,"pin 5 ngày, mặt kính chống trầy tốt, dây đeo mềm, đường viền sắc nét, thiết kế đơn giản năng động, dây đeo mềm mại, chống nước tốt điểm trừ là ít chức năng, chỉ có 1 nút cảm ứng như nút home chứ ko có màn hình cảm ứng nên muốn chọn menu cứ phải bấm tới 1 chiều duy nhất",5
https://www.thegioididong.com/dong-ho-thong-minh/huawei-watch-gt,Đồng hồ thông minh Huawei Watch GT,"Đồng hồ thời trang đeo tay vs dong ho thông minh khác nhau. Dòng ho đeo tay pin sử dung đc từ 1 năm đến 10 năm, tùy theo từng loại, có khả năng Chống nước khá. Còn nói về đồng hồ thông minh thì có chức năng hiện thi tin nhắn, cuoc goi... không cần nhìn vào đt mà vẫn biết. Nhưng pin sử dug đc khoảng 1 tuần là phải sac, giống như điên thoai. Cái nào cug có cái tốt khác nhau. Tùy theo nhu cầu v sở thich cua mỗi người mà có lựa chon khác nhau. Theo mình thấy cái nào cug đc. Nhưg mình thích đong hồ đeo tay thời trang hơn, pin sử dug hơn 1 năm, chống nước tốt. Bên siêu thi này có bán loại đeo tay thời trang, nhưg tại vì mới ra cho nên ko có giao hàng. Nếu có giao hàng mình sẽ mua 1 cái để đeo.",5
https://www.thegioididong.com/dong-ho-thong-minh/huawei-watch-gt,Đồng hồ thông minh Huawei Watch GT,Hàng wa tệ...nhân viên ko bit sử dụng cũng bán.. chán thiệt...chắc sẽ không bao giờ mua nữa,1
https://www.thegioididong.com/dong-ho-thong-minh/huawei-watch-gt,Đồng hồ thông minh Huawei Watch GT,"Vị trí rút dây đeo để sạc quá cứng. Rút 3, 4 ngày hư luôn chui sạc. Thế là hư luôn vòng đeo",5
https://www.thegioididong.com/dong-ho-thong-minh/huawei-watch-gt,Đồng hồ thông minh Huawei Watch GT,Mìn không tìm thấy dây sạc sản phẩm cũng như là bật thiết bị sau khi mở hộp. :( :(,5
https://www.thegioididong.com/dong-ho-thong-minh/apple-watch-s4-gps-40mm-vien-nhom-mau-hong,Apple Watch S4 GPS 40mm Viền Nhôm dây cao su màu hồng (MU682VN/A),"Trải nghiệm lần đầu Smart watch đầy thú vị! Nhịp tim, huyết áp đều ổn, đặc biệt là kiểm tra Giấc ngủ! Mày mò có nhiều cài đặt! Một ngày sẽ cạn Pin nhưng Sạc cực nhanh!",5
https://www.thegioididong.com/dong-ho-thong-minh/apple-watch-s4-gps-40mm-vien-nhom-mau-hong,Apple Watch S4 GPS 40mm Viền Nhôm dây cao su màu hồng (MU682VN/A),Đông hồ đẹp. Báo thức ok luôn. Chuẩn vs giá bạn này. Nhưng 1 ngày là hết pin vậy??? ( đo nhiều làn nhịp tìm vs huyệt áp) có lẻ háo pin),5
https://www.thegioididong.com/dong-ho-thong-minh/apple-watch-s4-gps-40mm-vien-nhom-mau-hong,Apple Watch S4 GPS 40mm Viền Nhôm dây cao su màu hồng (MU682VN/A),"Dây đeo cứng, khá khó khi tháo ra để sạc. Còn về sản phẩm thì khá OK. giá này không thể đòi cao hơn được",5
https://www.thegioididong.com/dong-ho-thong-minh/mi-band-3,Vòng đeo tay thông minh Mi Band 3,"Đã mua và trãi nghiệm, nhiệp tìm đo khá chính xác ngang vs Apple watch đang dùng, chế độ đo huyết áp sai số nhiều, cộng thêm 20! Đã kiểm tra bằng máy đo chuyên dụng! Xứng đáng giá 240k",5
https://www.thegioididong.com/dong-ho-thong-minh/mi-band-3,Vòng đeo tay thông minh Mi Band 3,Dùng được 3 ngày. Mọi thứ oke. Nhưng lỗi chức năng cuộc gọi. Lên mình đã đổi trả,5
https://www.thegioididong.com/dong-ho-thong-minh/mi-band-3,Vòng đeo tay thông minh Mi Band 3,Vòng đeo tay này rẻ ngon dễ dãi mua về ko tiếc .ủng hộ tgdd.tập thể dục.xem giờ đúng bài,5
https://www.thegioididong.com/dong-ho-thong-minh/mi-band-3,Vòng đeo tay thông minh Mi Band 3,Công bố 4 ngày hết pin mà sạc đầy qua từ 21h30 đến 5h30 sáng hôm sau còn 1 vạch. Tự động ngắt kết nối Bluetooth liên tục,4
https://www.thegioididong.com/dong-ho-thong-minh/mi-band-3,Vòng đeo tay thông minh Mi Band 3,"Sản phẩm tốt, giá hợp lý, không biết mình xui hay sao mà B12 cứ thông báo cái thông cáo củ, mạc dù k có trong dt, hay fb, sms, vs báo chậm nữa",3
https://www.thegioididong.com/dong-ho-thong-minh/mi-band-3,Vòng đeo tay thông minh Mi Band 3,Tốt. Các chức năng đầy đủ. Màn hình sáng khi ra ngoài trời nhưng có nắng thì hơi mờ 1 chút.,5
https://www.thegioididong.com/dong-ho-thong-minh/xiaomi-amazfit-pace-gps-den,Đồng hồ thông minh Xiaomi Amazfit Pace GPS Đen,"Đã nhận hàng và cài đặt, nói chung ngoại hình và sạc dây đeo 100% giống miband 3, giá thì rất rẻ bằng 1/4 miband hiện tại (150k)",1
