Link,Name,Brand,LoaiSP,Price,Image1,Image2,Image3
https://www.lazada.vn/products/dong-ho-nu-36041-han-quoc-day-da-ju1016-ja-844-xanh-den-i141566135-s145988571.html?search=1,Đồng hồ Nữ 36041 Hàn Quốc Dây Da JU1016 JA-844 (Xanh Đen),36041,22832,799000,https://vn-test-11.slatic.net/p/8/dong-ho-nu-36041-ja-844-8459-53555712-cda256fab615402268271b2e95286b47-catalog.jpg_80x80q80.jpg_.webp,https://vn-test-11.slatic.net/original/2094e0c8575f76bb7fdb096d1f4e9c71.jpg_80x80q80.jpg_.webp,https://vn-test-11.slatic.net/original/955e5879fb56aee299b6b84f73b58636.jpg_80x80q80.jpg_.webp
https://www.lazada.vn/products/dong-ho-thong-minh-35225-amazfit-bip-hang-chinh-hang-i211151381-s264263575.html?search=1,Đồng Hồ Thông Minh 35225 Amazfit Bip - Hàng Chính Hãng,35225,70443,1399000,https://vn-test-11.slatic.net/p/d45a0911d17cfc137bbdde3a17cc94bf.jpg_80x80q80.jpg_.webp,https://vn-test-11.slatic.net/p/027f05692b4043c4b170fe655e521c14.jpg_80x80q80.jpg_.webp,https://vn-test-11.slatic.net/p/7f7982c59d18a2ba28fe97bdb87f230a.jpg_80x80q80.jpg_.webp
https://www.lazada.vn/products/dong-ho-thong-minh-smart-watch-uwatch-dz09-hang-nhap-khau-i101127877-s101304966.html?search=1,Đồng hồ thông minh Smart Watch Uwatch DZ09 - Hàng nhập khẩu,68786,70443,200000,https://vn-test-11.slatic.net/p/2/dong-ho-thong-minh-smart-watch-uwatch-dz09-hang-nhap-khau-8414-6939484-5e5078f18236795fbb834e60a66a93ee-catalog.jpg_80x80q80.jpg_.webp,https://vn-test-11.slatic.net/original/73b5fdfa94d881aa050056bf8ff7feba.jpg_80x80q80.jpg_.webp,https://vn-test-11.slatic.net/original/45f3864fa7ae582280cbee6f5a9d8e5a.jpg_80x80q80.jpg_.webp
https://www.lazada.vn/products/dong-ho-thong-minh-smart-watch-a1-den-i106993165-s108321189.html?search=1,Đồng hồ thông minh Smart watch A1 (Đen),68786,70443,165000,https://vn-test-11.slatic.net/p/262f3eef4c34b68aea3a863a0ae31ebb.jpg_80x80q80.jpg_.webp,https://vn-test-11.slatic.net/p/55c0ddb05fe32750d4bf93c8839a25f8.jpg_80x80q80.jpg_.webp,https://vn-test-11.slatic.net/p/16b62f5a2335d83214fc5ba3ef1f8277.jpg_80x80q80.jpg_.webp
https://www.lazada.vn/products/dong-ho-thong-minh-c1-plus-i100979824-s313103813.html?search=1,Đồng hồ thông minh C1 Plus,68786,70443,115000,https://vn-test-11.slatic.net/original/48821d0f3747ca12d542849f61fec03a.jpg_80x80q80.jpg_.webp,https://vn-test-11.slatic.net/original/66f9e4ff2d554d561d6aba4675523cf1.jpg_80x80q80.jpg_.webp,https://vn-test-11.slatic.net/original/ad3ea73dcadaa8dab30f5830523856a0.jpg_80x80q80.jpg_.webp
https://www.lazada.vn/products/bo-dong-ho-thong-minh-dz09-tang-viet-cam-ung-i136090099-s138253249.html?search=1,Bộ đồng hồ thông minh DZ09 tặng viết cảm ứng,68786,70443,115000,https://vn-test-11.slatic.net/p/2/bo-dong-ho-thong-minh-smart-watch-uwatch-dz09-vang-va-viet-cam-ung-1589-12915951-212c5651553b0282f16eb21dd3dc4b97-catalog.jpg_80x80q80.jpg_.webp,https://vn-test-11.slatic.net/original/b2107f412460b373c8854a1601992948.jpg_80x80q80.jpg_.webp,https://vn-test-11.slatic.net/original/b354634abd3721c32856d2b941d358b6.jpg_80x80q80.jpg_.webp
https://www.lazada.vn/products/dong-ho-thong-minh-x86-ket-noi-wifi-3g-pin-khung-600mah-i222290245-s279850035.html?search=1,"Đồng hồ thông minh X86 – Kết nối Wifi, 3G pin khủng 600Mah",68786,70443,1299000,https://laz-img-cdn.alicdn.com/tfs/TB1oP2bbQvoK1RjSZFNXXcxMVXa-300-200.png,https://vn-test-11.slatic.net/original/833f978ea4f540a19476cab1f7bdde21.jpg_80x80q80.jpg_.webp,https://vn-test-11.slatic.net/original/a0a23cea3b5c7205242b1051b798009e.jpg_80x80q80.jpg_.webp
https://www.lazada.vn/products/dong-ho-thong-minh-smartwatch-m9-den-i136913389-s139417835.html?search=1,Đồng hồ thông minh SmartWatch M9 (Đen),68786,70443,159000,https://laz-img-cdn.alicdn.com/tfs/TB1oP2bbQvoK1RjSZFNXXcxMVXa-300-200.png,https://vn-test-11.slatic.net/p/38f4db5e339763b77d8af6b60781c508.jpg_80x80q80.jpg_.webp,https://vn-test-11.slatic.net/p/bf7c6e192651e081c6f427168b1751e9.jpg_80x80q80.jpg_.webp
https://www.lazada.vn/products/dong-ho-thong-minh-c3-plus-doi-2017-tang-but-cam-ung-i137662539-s140405422.html?search=1,Đồng hồ thông minh C3 plus đời 2017 tặng bút cảm ứng,68786,70443,122000,https://vn-test-11.slatic.net/p/2/dong-ho-thong-minh-inwatch-c3-plus-doi-2017-tang-but-cam-ung-4786-10833271-5481942fdb185231e38130b4704aea39-catalog.jpg_80x80q80.jpg_.webp,https://vn-test-11.slatic.net/original/2c5f69653adbd939e2185057fd79f70f.jpg_80x80q80.jpg_.webp,https://vn-test-11.slatic.net/original/ea4f7f94c6460e6b1d97a99e4771d88f.jpg_80x80q80.jpg_.webp
https://www.lazada.vn/products/dong-ho-thong-minh-dz09-vang-va-viet-cam-ung-i136268374-s138500902.html?search=1,Đồng hồ thông minh DZ09 (Vàng) và Viết cảm ứng,68786,70443,115000,https://vn-test-11.slatic.net/p/2/dong-ho-thong-minh-smart-watch-dz09-vang-va-viet-cam-ung-8316-51886161-212c5651553b0282f16eb21dd3dc4b97-catalog.jpg_80x80q80.jpg_.webp,https://vn-test-11.slatic.net/original/b2107f412460b373c8854a1601992948.jpg_80x80q80.jpg_.webp,https://vn-test-11.slatic.net/original/b354634abd3721c32856d2b941d358b6.jpg_80x80q80.jpg_.webp
https://www.lazada.vn/products/dong-ho-thong-minh-va-dinh-vi-tre-em-q50-hang-nhap-khau-i237981345-s303660683.html?search=1,Đồng hồ thông minh và định vị trẻ em Q50 - Hàng nhập khẩu,68786,70443,205000,https://vn-test-11.slatic.net/original/c5990b97db06be786df587cf04cceb6b.jpg_80x80q80.jpg_.webp,https://vn-test-11.slatic.net/original/637007934e5d39681833ff9ce510fddb.jpg_80x80q80.jpg_.webp,https://vn-test-11.slatic.net/original/bfdd68883e63425809dd4fc14f63e961.jpg_80x80q80.jpg_.webp
https://www.lazada.vn/products/dong-ho-thong-minh-v8-bluetooth-man-hinh-tron-122-inch-ho-tro-the-sim-co-camera-dong-ho-thong-minh-smartwatch-cho-dien-thoai-thong-minh-i265146006-s381252041.html?search=1,Đồng Hồ Thông Minh V8 Bluetooth Màn Hình Tròn 1.22 inch,68786,70443,165000,https://vn-test-11.slatic.net/p/2815674a94248f3371242d74135424a2.jpg_80x80q80.jpg_.webp,https://vn-test-11.slatic.net/p/6abd3896e23430a2d202d18ea4a50bd3.jpg_80x80q80.jpg_.webp,https://vn-test-11.slatic.net/p/85c637b854d47145e57bc6e6edf05be8.jpg_80x80q80.jpg_.webp
https://www.lazada.vn/products/dong-ho-thong-minh-inwatch-black-doi-2017-tang-but-cam-ung-den-i101096247-s101265098.html?search=1,Đồng hồ thông minh InWatch Black đời 2017,68786,70443,95000,https://vn-test-11.slatic.net/p/2/dong-ho-thong-minh-inwatch-black-doi-2017-tang-but-cam-ung-den-8216-7224484-947abec455c5f2084fd837ee6daa195a-catalog.jpg_80x80q80.jpg_.webp,https://vn-test-11.slatic.net/original/34d0d9f1967a083c950f9b805058b772.jpg_80x80q80.jpg_.webp,https://vn-test-11.slatic.net/original/1bed024cc53d9f85f3583dc5e3fff30e.jpg_80x80q80.jpg_.webp
https://www.lazada.vn/products/dong-ho-thong-minh-smartwatch-gia-re-dz09-bac8-i247686945-s322411380.html?search=1,Đồng hồ thông minh SMARTWATCH giá rẻ DZ09 - BẠC.8,68786,70443,159000,https://vn-test-11.slatic.net/p/847cb2bf9aed7c043025018f48a58b23.jpg_80x80q80.jpg_.webp,https://vn-test-11.slatic.net/p/ab32806fa369386f70915892bbac0672.jpg_80x80q80.jpg_.webp,https://vn-test-11.slatic.net/p/82a07e004151700ad7e3a180972458d3.jpg_80x80q80.jpg_.webp
https://www.lazada.vn/products/dong-ho-thong-minh-smartwatch-dmt08-i102180246-s102617837.html?search=1,Đồng Hồ Thông Minh SmartWatch DMT08,68786,70443,139000,https://vn-test-11.slatic.net/p/2/dong-ho-thong-minh-smartwatch-dmt08-8300-8946506-aeb3dd620031b0c791fd64a6f3a3bf38-catalog.jpg_80x80q80.jpg_.webp,https://vn-test-11.slatic.net/original/0dba6cf6200f5f758b1f55566d274eca.jpg_80x80q80.jpg_.webp,https://vn-test-11.slatic.net/original/9c15922592e07f1ac8837658ad3688f3.jpg_80x80q80.jpg_.webp
https://www.lazada.vn/products/dong-ho-thong-minh-smart-watch-x6-man-hinh-cong-cao-cap-ban-quoc-te-dong-ho-thong-minh-chong-nuoc-dong-ho-thong-minh-tre-em-dong-ho-thong-minh-co-wifi-dong-ho-thong-minh-gia-re-vong-tay-thong-minh-the-gioi-dong-ho-i265218356-s381436451.html?search=1,Đồng hồ thông minh Smart Watch X6 Màn Hình Cong,68786,70443,179000,https://vn-test-11.slatic.net/p/534f82071179df4bb08238d4024d14eb.jpg_80x80q80.jpg_.webp,https://vn-test-11.slatic.net/p/ea5e300790da9d7de50bf09e0aa75834.jpg_80x80q80.jpg_.webp,https://vn-test-11.slatic.net/p/6b061fc0dccad23bccad27cb7271219e.jpg_80x80q80.jpg_.webp
https://www.lazada.vn/products/dong-ho-thong-minh-da-mau-sac-smartwatch-sa01-i143185283-s147956209.html?search=1,Đồng hồ thông minh đa màu sắc Smartwatch SA01,68786,70443,165000,https://laz-img-cdn.alicdn.com/tfs/TB1oP2bbQvoK1RjSZFNXXcxMVXa-300-200.png,https://vn-test-11.slatic.net/p/718e394c2bc12d7a1bc96c9dfae5e6f8.jpg_80x80q80.jpg_.webp,https://vn-test-11.slatic.net/p/b2d44d136c5aad7289b185defeb11a4c.jpg_80x80q80.jpg_.webp
https://www.lazada.vn/products/dong-ho-thong-minh-dien-thoai-2017-hong-tang-kem-but-cam-ung-i136161470-s138344787.html?search=1,Đồng hồ thông minh điện thoại 2017 (Hồng),86124,70443,170000,https://laz-img-cdn.alicdn.com/tfs/TB1oP2bbQvoK1RjSZFNXXcxMVXa-300-200.png,https://vn-test-11.slatic.net/p/c324f8e123400d5a73f5e820f25553be.jpg_80x80q80.jpg_.webp,https://vn-test-11.slatic.net/p/0cb5af504854a922881f5fd3772b1d1c.jpg_80x80q80.jpg_.webp
https://www.lazada.vn/products/dong-ho-thong-minh-smart-watch-x6-man-hinh-cong-cao-cap-tieng-viet-dong-ho-thong-minh-chong-nuoc-dong-ho-thong-minh-tre-em-dong-ho-thong-minh-co-bluetooth-dong-ho-thong-minh-gia-re-vong-tay-thong-minh-i253561809-s341132573.html?search=1,Đồng hồ thông minh Smart Watch X6 Màn Hình Cong Cao cấp Tiếng Việt,86124,70443,199000,https://vn-test-11.slatic.net/p/cf6cdea1b48b1896272a4f37de4234f5.jpg_80x80q80.jpg_.webp,https://vn-test-11.slatic.net/p/d33a2521a59995887e6ad9476811fe4a.jpg_80x80q80.jpg_.webp,https://vn-test-11.slatic.net/p/cad0f7dcf98c8ae788657fc3be407d2a.jpg_80x80q80.jpg_.webp
https://www.lazada.vn/products/moc-khoa-dong-ho-dien-tu-den-led-hien-gio-va-ngay-thang-chieu-tuong-hoac-tran-nha-vat-dung-di-kem-voi-chum-chia-khoa-i248756103-s326348864.html?search=1,Móc Khoá Đồng Hồ Điện Tử Đèn Led Hiện Giờ,68786,70443,57279,https://laz-img-cdn.alicdn.com/tfs/TB1oP2bbQvoK1RjSZFNXXcxMVXa-300-200.png,https://vn-test-11.slatic.net/original/f721386ee83b7799878cb3490aaf8251.jpg_80x80q80.jpg_.webp,https://vn-test-11.slatic.net/original/9f2fad811dda20a357ab481385844c2a.jpg_80x80q80.jpg_.webp
https://www.lazada.vn/products/dong-ho-thong-minh-q9-co-wifi3g-ho-tro-khe-cam-the-nho-tfcard-i258425177-s358404882.html?search=1,Đồng hồ thông minh Q9 có Wifi/3G – Hỗ trợ khe cắm thẻ nhớ TFcard,68786,70443,1299000,https://laz-img-cdn.alicdn.com/tfs/TB1oP2bbQvoK1RjSZFNXXcxMVXa-300-200.png,https://vn-test-11.slatic.net/p/89feef7b26d48a380cceb31a83cdb144.jpg_80x80q80.jpg_.webp,https://vn-test-11.slatic.net/p/d1475c2211af46ee67c66ff4959af837.jpg_80x80q80.jpg_.webp
https://www.lazada.vn/products/chuan-nhap-vong-deo-tay-thong-minh-smart-band-m3-do-nhip-tim-ket-noi-bluetoothdong-ho-thong-minh-chong-nuoc-vong-tay-dong-ho-day-deo-tay-tap-the-thao-vong-theo-doi-suc-khoe-vong-theo-doi-van-dong-chong-tham-nuoc-ipx5-i252903562-s337745956.html?search=1,Vòng đeo tay thông minh Smart Band M3 Đo Nhịp Tim kết nối Bluetooth ( blue ),86124,70443,128500,https://vn-test-11.slatic.net/p/e53f877ff60f15e32a0522fb461384e0.jpg_80x80q80.jpg_.webp,https://vn-test-11.slatic.net/p/020cb28f057262f8e946db4fa5f28d92.jpg_80x80q80.jpg_.webp,https://vn-test-11.slatic.net/p/76da4493e159e0b65f393a56bd19c2e8.jpg_80x80q80.jpg_.webp
https://www.lazada.vn/products/dong-ho-nam-67645-9069-co-lich-ngay-chong-nuoc-30m-day-thep-khong-gi-cao-cap-i223595034-s306118767.html?search=1,Đồng hồ nam 67645 9069 có lịch ngày chống nước 30m dây thép không gỉ cao cấp,67645,15674,134100,https://laz-img-cdn.alicdn.com/tfs/TB1oP2bbQvoK1RjSZFNXXcxMVXa-300-200.png,https://vn-test-11.slatic.net/original/8df608bfece2cab0ffdbfcb591f0f1ce.jpg_80x80q80.jpg_.webp,https://vn-test-11.slatic.net/original/5227211c2463471f9a03793ce1e03f00.jpg_80x80q80.jpg_.webp
https://www.lazada.vn/products/dong-ho-thoi-trang-nam-dong-ho-chong-xuoc-dong-ho-doc-dao-day-da-chong-nuoc-dong-ho-quartz-sieu-tiet-kiem-pin-dong-ho-nam-dong-ho-gia-re-dong-ho-qbin-shop-i250251182-s330346522.html?search=1,Đồng hồ thời trang nam Quartz siêu tiết kiệm pin,86124,15674,35000,https://vn-test-11.slatic.net/p/f09b40e4adcb278e41de811779c0a0e2.jpg_80x80q80.jpg_.webp,https://vn-test-11.slatic.net/original/28590401dda9c33ee4e1820a8fee9e04.jpg_80x80q80.jpg_.webp,https://vn-test-11.slatic.net/original/90e6b000cc47d4c92c87fb1bdf92b61a.jpg_80x80q80.jpg_.webp
https://www.lazada.vn/products/dong-ho-nam-dizizid-chong-nuoc-mat-sieu-mong-original-design-day-thep-lua-cao-cap-dz01-i251496675-s333522039.html?search=1,Đồng hồ nam DIZIZID chống nước mặt siêu mỏng Original Design dây thép lụa cao cấp DZ01,86124,15674,109000,https://vn-test-11.slatic.net/original/b6dd8549132106c0cc531343c539639b.jpg_80x80q80.jpg_.webp,https://vn-test-11.slatic.net/original/8b10f2833f6cc3e2d534a805e8d00ca6.jpg_80x80q80.jpg_.webp,https://vn-test-11.slatic.net/original/1ae27a1a0a7125b300f6a676047abf20.jpg_80x80q80.jpg_.webp
https://www.lazada.vn/products/dong-ho-nam-halei-day-vang-mat-denchong-nuoc-chong-xuoc-tuyet-doi-i248472294-s325140428.html?search=1,"đồng hồ nam halei dây vàng mặt đen,chống nước ,chống xước tuyệt đối",47584,15674,145000,https://vn-test-11.slatic.net/original/a900aefe86f1917528ebc3f8a143daf2.jpg_80x80q80.jpg_.webp,https://vn-test-11.slatic.net/original/00a27902aca2cb00d6f50128bcd6ad0e.jpg_80x80q80.jpg_.webp,https://vn-test-11.slatic.net/original/5895dc78cc4579ddf7ef66ac87ffce5c.jpg_80x80q80.jpg_.webp
https://www.lazada.vn/products/dong-ho-nam-thoi-trang-cao-cap-chong-nuoc-l121-day-thep-khong-gi-co-video-co-2-mau-dong-ho-nam-cao-cap-i218057866-s394404103.html?search=1,Đồng Hồ Nam Thời Trang Cao Cấp Chống Nước L121 Dây Thép Không Gỉ,67645,15674,139000,https://laz-img-cdn.alicdn.com/tfs/TB1oP2bbQvoK1RjSZFNXXcxMVXa-300-200.png,https://vn-test-11.slatic.net/p/a2e8a0a587bb52e402adffd3a9456d30.jpg_80x80q80.jpg_.webp,https://vn-test-11.slatic.net/p/4253f1fa32660d4ff1bd0e485a9e649a.jpg_80x80q80.jpg_.webp
https://www.lazada.vn/products/xa-kho-3-ngay-dong-ho-nam-dong-ho-day-thep-khong-gi-dong-ho-sang-trong-dong-ho-thoi-trang-nam-chong-xuoc-chong-nuoc-cao-cap-co-6-kim-lich-thep-khong-gi-qbin-shop-i250263098-s330321825.html?search=1,"Đồng hồ nam chống nước cao cấp có 6 kim , lịch , thép không gỉ QBIN Shop",86124,15674,44000,https://vn-test-11.slatic.net/original/7a73f51e752561dc0ee18d3aefa47492.jpg_80x80q80.jpg_.webp,https://vn-test-11.slatic.net/original/2e6d37b641a96e3a7bf8b541ce2085e3.jpg_80x80q80.jpg_.webp,https://vn-test-11.slatic.net/original/3175f9d9ef1fe45a1f1457624029b2ed.jpg_80x80q80.jpg_.webp
https://www.lazada.vn/products/dong-ho-nam-thoi-trang-chong-nuoc-67645-9069-vang-sk-002-i143153931-s147931227.html?search=1,Đồng Hồ Nam Thời Trang Chống Nước 67645 9069 ( Vàng) SK 002,67645,15674,160000,https://vn-test-11.slatic.net/p/8/dong-ho-nam-thoi-trang-chong-nuoc-67645-9069-vang-sk-002-1631-51851812-db98f84a3c8c0fdab162abb494545723-catalog.jpg_80x80q80.jpg_.webp,https://vn-test-11.slatic.net/p/8/dong-ho-nam-thoi-trang-chong-nuoc-67645-9069-vang-sk-002-1631-51851812-463c44532c155cb1ad8e6fb5ce207c30-catalog.jpg_80x80q80.jpg_.webp,https://vn-test-11.slatic.net/p/8/dong-ho-nam-thoi-trang-chong-nuoc-67645-9069-vang-sk-002-1631-51851812-cac5206e9b054ecb7aa50e9d0b63bd10-catalog.jpg_80x80q80.jpg_.webp
https://www.lazada.vn/products/dong-ho-nam-panars-usa-kieu-dang-quan-doi-cuc-chat-chong-nuoc-thoai-mai-i242913553-s310962178.html?search=1,"Đồng Hồ Nam PANARS USA Kiểu Dáng Quân Đội Cực Chất, Chống Nước Thoải Mái",67645,15674,211000,https://vn-test-11.slatic.net/p/448e494f1a9b34c1f78a4f637fc19ba7.jpg_80x80q80.jpg_.webp,https://vn-test-11.slatic.net/original/91d3133bea9f891129dae71b8077c5f7.jpg_80x80q80.jpg_.webp,https://vn-test-11.slatic.net/original/e647526629d2e654592f29692e035349.jpg_80x80q80.jpg_.webp
https://www.lazada.vn/products/sieu-sale-tang-1-day-da-cao-cap-2-pin-ag4-tri-gia-100000d-khi-mua-dong-ho-nam-0mega-075-day-da-chong-xuoc-chong-nuoc-i258913975-s359962730.html?search=1,"Đồng Hồ Nam 0MEGA 075 Dây Da Chống Xước, Chống Nước",86124,15674,250000,https://laz-img-cdn.alicdn.com/tfs/TB1oP2bbQvoK1RjSZFNXXcxMVXa-300-200.png,https://vn-test-11.slatic.net/p/14ca77348a8b6cb8ec338efd0b8ba8d4.jpg_80x80q80.jpg_.webp,https://vn-test-11.slatic.net/p/3a54c01175f77439f6aaad33544d220c.jpg_80x80q80.jpg_.webp
https://www.lazada.vn/products/dong-ho-nam-halei-day-vang-mat-trangchong-nuocchong-xuoc-i248453257-s325136070.html?search=1,"Đồng hồ nam Halei dây vàng mặt trắng,chống nước,chống xước.",47584,15674,135000,https://vn-test-11.slatic.net/original/da46573ae17ea4dfdf89f33c60753f64.jpg_80x80q80.jpg_.webp,https://vn-test-11.slatic.net/original/5895dc78cc4579ddf7ef66ac87ffce5c.jpg_80x80q80.jpg_.webp,https://vn-test-11.slatic.net/original/a1d72d564e57be89d4aee19bf3b3ede7.jpg_80x80q80.jpg_.webp
https://www.lazada.vn/products/dong-ho-nam-chong-nuoc-dizizid-mat-sieu-mong-day-thep-lua-den-co-lich-ngay-tang-vong-ty-huu-may-man-i252535771-s418692262.html?search=1,Đồng hồ nam chống nước DIZIZID mặt siêu mỏng dây thép lụa đen có lịch,67645,15674,119200,https://vn-test-11.slatic.net/p/b39b9ed726e570d604be818f2e724af4.jpg_80x80q80.jpg_.webp,https://vn-test-11.slatic.net/p/bc8f173824a3689d1e4edede9907aa4f.jpg_80x80q80.jpg_.webp,https://vn-test-11.slatic.net/p/a24b953034b536763493535538a5f0a3.jpg_80x80q80.jpg_.webp
https://www.lazada.vn/products/dong-ho-nam-chong-nuoc-mat-sieu-mong-dizizid-day-titanium-co-kem-lich-ngay-cao-cap-dz3n01-tang-vong-ty-huu-thach-anh-den-i164785114-s423174964.html?search=1,Đồng hồ nam mặt siêu mỏng DIZIZID dây Titanium có kèm lịch ngày cao cấp DZ3N01,86124,15674,132000,https://vn-test-11.slatic.net/p/60940a56900d4f9757be0e59b6ade94a.jpg_80x80q80.jpg_.webp,https://vn-test-11.slatic.net/p/e2edaa7c356e4346506853b67a548eac.jpg_80x80q80.jpg_.webp,https://vn-test-11.slatic.net/p/1fa7dfad740f04983ad4861fd4343924.jpg_80x80q80.jpg_.webp
https://www.lazada.vn/products/sieu-khuyen-mai-tang-pin-du-tru-dong-ho-nam-halei-2v-vang-chong-nuoc-chong-xuoc-i190140111-s268203908.html?search=1,"Đồng hồ nam halei 2V vàng chống nước, chống xước",67645,15674,148000,https://laz-img-cdn.alicdn.com/tfs/TB1oP2bbQvoK1RjSZFNXXcxMVXa-300-200.png,https://vn-test-11.slatic.net/original/e936548b06a3f69351b8456d48910460.jpg_80x80q80.jpg_.webp,https://vn-test-11.slatic.net/p/8/dong-ho-nam-halei-2v-vang-mat-den-8932-26026834-fe9919600bafd57c4f6313c985485f9a-catalog.jpg_80x80q80.jpg_.webp
https://www.lazada.vn/products/dong-ho-nam-day-da-cao-cap-kashidun-chong-nuoc-30m-i244130326-s312725845.html?search=1,"Đồng Hồ Nam Dây Da Cao Cấp KASHIDUN, Chống Nước 30m",NOTTT,15674,99000,https://vn-test-11.slatic.net/p/d1d8230d33fa5744ffdf2088790483be.jpg_80x80q80.jpg_.webp,https://vn-test-11.slatic.net/original/71615b857ca7a8d2a0fd6b80bb58dc99.jpg_80x80q80.jpg_.webp,https://vn-test-11.slatic.net/original/4d0b7acacb770573c7efc8a1d8d3998c.jpg_80x80q80.jpg_.webp
https://www.lazada.vn/products/dong-ho-nam-32338-2302-kinh-trang-sapphire-chong-nuoc-cuc-tot-chay-full-kim-i247080384-s377782259.html?search=1,Đồng hồ Nam 32338 2302 Kính Tráng SAPPHIRE - Chống nước cực tốt – Chạy Full Kim,32338,15674,320000,https://laz-img-cdn.alicdn.com/tfs/TB1oP2bbQvoK1RjSZFNXXcxMVXa-300-200.png,https://vn-test-11.slatic.net/p/aa4955e345497c9934970a8ebc117ae2.jpg_80x80q80.jpg_.webp,https://vn-test-11.slatic.net/p/6f592ae23a59ec21be4cfaf7ccb3c8a1.jpg_80x80q80.jpg_.webp
https://www.lazada.vn/products/sieu-giam-giatang-hop-dep-va-pin-3-nam-tri-gia-50k-dong-ho-nam-thoi-trang-vang-sang-trong-cao-cap-kinh-sapphire-day-thep-kim-loai-chong-xuoc-chong-nuoc-chinh-rosra-i170029909-s257915184.html?search=1,Đồng hồ nam cao cấp kính sapphire dây thép kim loại chống xước chống nước,67645,15674,69000,https://vn-test-11.slatic.net/original/88b215650312882cd9e8ca418a9cf6de.jpg_80x80q80.jpg_.webp,https://vn-test-11.slatic.net/original/9e97754712957c1da396c9b677539060.jpg_80x80q80.jpg_.webp,https://vn-test-11.slatic.net/original/30ab826d990fced682a3f3ec089d83c9.jpg_80x80q80.jpg_.webp
https://www.lazada.vn/products/dong-ho-nam-dizizid-dhcn03-chong-nuoc-original-design-day-thep-lua-thoi-trang-cao-cap-mau-moi-nhat-tang-vong-ty-huu-may-man-i253265767-s339036985.html?search=1,Đồng hồ nam DIZIZID DHCN03 chống nước Original Design dây thép lụa thời trang cao cấp,86124,15674,269100,https://vn-test-11.slatic.net/p/884de85ae62e177f33cee97092043775.jpg_80x80q80.jpg_.webp,https://vn-test-11.slatic.net/p/fb62b7a5d4c87b519cef999c11bd9109.jpg_80x80q80.jpg_.webp,https://vn-test-11.slatic.net/p/970ba2f43498623357921f99e8a22084.jpg_80x80q80.jpg_.webp
https://www.lazada.vn/products/dong-ho-nam-thoi-trang-chong-nuoc-67645-den-sk-01-i106919800-s108241548.html?search=1,Đồng hồ nam thời trang chống nước 67645 ( Đen ) SK 01,67645,15674,170000,https://vn-test-11.slatic.net/p/8/dong-ho-nam-thoi-trang-chong-nuoc-67645-den-sk-01-2875-84269501-32f3470e5528fe2ed03470834d706102-catalog.jpg_80x80q80.jpg_.webp,https://vn-test-11.slatic.net/p/8/dong-ho-nam-thoi-trang-chong-nuoc-67645-den-sk-01-2875-84269501-628e243787462151e8aba19be2f2abc1-catalog.jpg_80x80q80.jpg_.webp,https://vn-test-11.slatic.net/p/8/dong-ho-nam-thoi-trang-chong-nuoc-67645-den-sk-01-2875-84269501-e26984b2187466033dc853584d3815d7-catalog.jpg_80x80q80.jpg_.webp
https://www.lazada.vn/products/dong-ho-nam-32338-2309t-1985-day-thep-duc-cao-cap-chay-6-kim-sieu-chong-nuoc-va-chong-xuoc-full-box-i218192599-s273676900.html?search=1,ĐỒNG HỒ NAM 32338 2309T (1985) DÂY THÉP ĐÚC CAO CẤP CHẠY 6 KIM,32338,15674,269000,https://vn-test-11.slatic.net/original/4443b8a5a4f1b121d184d369b302567b.jpg_80x80q80.jpg_.webp,https://vn-test-11.slatic.net/original/d39c11aaa71f2c3ce0a9fb570e173277.jpg_80x80q80.jpg_.webp,https://vn-test-11.slatic.net/original/0af28acc7ddee9ad6c9501d5039a1a9a.jpg_80x80q80.jpg_.webp
https://www.lazada.vn/products/dong-ho-nam-thoi-trang-chong-nuoc-67645-den-01-i105939984-s107071860.html?search=1,Đồng hồ nam thời trang chống nước 67645 ( Đen ) 01,67645,15674,170000,https://vn-test-11.slatic.net/p/67645-8600-8425539-0438de117a2aa2c624f9617afc188998-zoom.jpg_80x80q80.jpg_.webp,https://vn-test-11.slatic.net/p/67645-8600-8425539-0438de117a2aa2c624f9617afc188998-zoom.jpg_80x80q80.jpg_.webp,https://vn-test-11.slatic.net/p/67645-8600-8425539-0438de117a2aa2c624f9617afc188998-zoom.jpg_80x80q80.jpg_.webp
https://www.lazada.vn/products/cap-dong-ho-halei-nam-nu-cao-cap-chong-xuoc-chong-nuoc-tuyet-doi-gia-1-doi-day-vang-mat-den-i200031478-s250034814.html?search=1,"Cặp Đồng hồ Halei nam nữ cao cấp chống xước, chống nước tuyệt đối (Giá 1 đôi)",47584,55341,333000,https://laz-img-cdn.alicdn.com/tfs/TB1oP2bbQvoK1RjSZFNXXcxMVXa-300-200.png,https://vn-test-11.slatic.net/p/8/cap-dong-ho-halei-nam-nu-cao-cap-chong-xuoc-chong-nuoc-tuyet-doi-gia-1-doi-1521265188-17035234-e8de9c7d46abeb3d2b3fc45da5658a5d-zoom.jpg_80x80q80.jpg_.webp,https://vn-test-11.slatic.net/p/8/cap-dong-ho-halei-nam-nu-cao-cap-chong-xuoc-chong-nuoc-tuyet-doi-gia-1-doi-1521265188-17035234-136a79d538333fed01e22a6396fd8425-zoom.jpg_80x80q80.jpg_.webp
https://www.lazada.vn/products/khuyen-mai-khung-tang-vong-da-ty-huu-2-pin-ag4-tri-gia-100000d-khi-mua-dong-ho-nam-r0lex-r028-day-da-chong-xuoc-chong-nuoc-i249487939-s362982125.html?search=1,"Đồng Hồ Nam R0LEX R028 Dây Da Chống Xước, Chống Nước",86124,15674,675000,https://laz-img-cdn.alicdn.com/tfs/TB1oP2bbQvoK1RjSZFNXXcxMVXa-300-200.png,https://vn-test-11.slatic.net/p/248f00c61155f37d7e97b9e6eb18fb4c.jpg_80x80q80.jpg_.webp,https://vn-test-11.slatic.net/p/9bc5b2f1f6000663d1e99e18100575f7.jpg_80x80q80.jpg_.webp
https://www.lazada.vn/products/dong-ho-nam-thoi-trang-chong-nuoc-67645-9069-trang-01-i143056125-s147796024.html?search=1,Đồng Hồ Nam Thời Trang Chống Nước 67645 9069 ( Trắng ) 01,67645,15674,160000,https://vn-test-11.slatic.net/p/8/dong-ho-nam-thoi-trang-chong-nuoc-67645-9069-trang-01-3698-46500712-39575db92512b73621e2d8659599053a-catalog.jpg_80x80q80.jpg_.webp,https://vn-test-11.slatic.net/original/e41e1f4fc092b17162acd0c238e3c3c2.jpg_80x80q80.jpg_.webp,https://vn-test-11.slatic.net/original/37d1ee2e628122d6981c407042d25595.jpg_80x80q80.jpg_.webp
https://www.lazada.vn/products/dong-ho-nam-the-thao-mingzhi-nhat-ban-chong-nuoc-sieu-tot-2-may-ben-bi-manh-me-i258925266-s359815658.html?search=1,Đồng hồ Nam Thể Thao MINGZHI Nhật Bản Chống Nước Siêu Tốt - 2 Máy Bền bỉ & Mạnh mẽ,67645,15674,280000,https://laz-img-cdn.alicdn.com/tfs/TB1oP2bbQvoK1RjSZFNXXcxMVXa-300-200.png,https://vn-test-11.slatic.net/p/8e326c9241bf4a195f02849c59ca43df.jpg_80x80q80.jpg_.webp,https://vn-test-11.slatic.net/p/11fcf32030b89376e414cf8483abf1a8.jpg_80x80q80.jpg_.webp
https://www.lazada.vn/products/dong-ho-nam-army-usa-quan-doi-my-vien-benzen-kim-loai-sieu-ben-i258843345-s359624994.html?search=1,Đồng hồ Nam ARMY USA Quân Đội Mỹ - Viền Benzen kim Loại siêu bền,NOTTT,15674,330000,https://laz-img-cdn.alicdn.com/tfs/TB1oP2bbQvoK1RjSZFNXXcxMVXa-300-200.png,https://vn-test-11.slatic.net/p/195afc274701eddca254053f4ced2fd8.jpg_80x80q80.jpg_.webp,https://vn-test-11.slatic.net/p/cdbafe96e2e8d3887dc61c3255e4853f.jpg_80x80q80.jpg_.webp
https://www.lazada.vn/products/dong-ho-nam-casio-g-shock-ga-110gb-52mm-i264308876-s378672962.html?search=1,Đồng Hồ Nam Casio G - Shock GA 110GB 52mm,NOTTT,15674,375000,https://vn-test-11.slatic.net/p/0d767e415294964c1ee17062171b3980.jpg_80x80q80.jpg_.webp,https://vn-test-11.slatic.net/p/6ce90e33ee18af84151a5b8440f334bc.jpg_80x80q80.jpg_.webp,https://vn-test-11.slatic.net/p/557aaafe82abadbdcce51f2a86b38566.jpg_80x80q80.jpg_.webp
https://www.lazada.vn/products/dong-ho-thoi-trang-nam-thoi-trang-dong-ho-05372-i264088157-s378144597.html?search=1,Đồng Hồ Thời Trang Nam Thời Trang - Đồng Hồ 05372,NOTTT,15674,1600000,https://vn-test-11.slatic.net/p/db14a0cb90dccd27dca328ffaf18a21e.jpg_80x80q80.jpg_.webp,https://vn-test-11.slatic.net/p/6a29bc3c39983dafa97bb70872b03626.jpg_80x80q80.jpg_.webp,https://vn-test-11.slatic.net/p/32e64f92e0efd00fd79e011af1e1c52b.jpg_80x80q80.jpg_.webp
https://www.lazada.vn/products/dong-ho-nam-rong-fngeen-3d-day-thep-khong-gi-ban-doanh-nhan-tang-vong-ty-huu-fullbox-i244236800-s312882009.html?search=1,ĐỒNG HỒ NAM RỒNG FNGEEN 3D DÂY THÉP KHÔNG GỈ BẢN DOANH NHÂN,NOTTT,15674,168000,https://laz-img-cdn.alicdn.com/tfs/TB1oP2bbQvoK1RjSZFNXXcxMVXa-300-200.png,https://vn-test-11.slatic.net/p/623fb073ee7ab9b02e920a45df42a761.jpg_80x80q80.jpg_.webp,https://vn-test-11.slatic.net/original/b8ea0fd7d0383d1b57c17c64c83c224f.jpg_80x80q80.jpg_.webp
https://www.lazada.vn/products/khuyen-mai-lon-giam-gia-dac-biet-khi-mua-dong-ho-nam-r0lex_jjk99-duoc-tang-vong-da-ty-huu-phong-thuy-tri-gia-150k-02-pin-du-tru-i254265855-s343831058.html?search=1,ĐỒNG HỒ NAM R0LEX_JJK99,NOTTT,15674,280000,https://laz-img-cdn.alicdn.com/tfs/TB1oP2bbQvoK1RjSZFNXXcxMVXa-300-200.png,https://vn-test-11.slatic.net/p/f41d976fde7a329096d60e56c922c5d6.jpg_80x80q80.jpg_.webp,https://vn-test-11.slatic.net/p/ab15f95d287fa8261268428713950f07.jpg_80x80q80.jpg_.webp
https://www.lazada.vn/products/dong-ho-nam-day-kim-loai-casio-anh-khue-ae-1200whd-1avdf-tang-day-da-bo-cao-cap-va-tang-dong-ho-the-thao-qq-i102916639-s103568284.html?search=1,Đồng hồ nam dây kim loại Casio Anh Khuê AE-1200WHD-1AVDF,NOTTT,15674,1169000,https://vn-test-11.slatic.net/original/faa7ffb119f8e8a0669200ca1e0d0976.jpg_80x80q80.jpg_.webp,https://vn-test-11.slatic.net/p/8/dong-ho-nam-day-kim-loai-casio-anh-khue-ae-1200whd-1avdf-tang-dayda-bo-cao-cap-va-tang-dong-ho-the-thao-qampq-5833-3450386-7a3d5d34849bc06fad36a73e978012b4-catalog.jpg_80x80q80.jpg_.webp,https://vn-test-11.slatic.net/p/8/dong-ho-nam-day-kim-loai-casio-anh-khue-ae-1200whd-1avdf-tang-dayda-bo-cao-cap-va-tang-dong-ho-the-thao-qampq-5833-3450386-1caafb1925b409cc4d149726c9ebeca0-catalog.jpg_80x80q80.jpg_.webp
https://www.lazada.vn/products/dong-ho-nam-vicero-cao-cap-6-kim-chiu-nuoc-thoai-mai-5-mau-de-lua-chon-i235558877-s313440492.html?search=1,Đồng Hồ Nam VICERO Cao Cấp 6 Kim Chịu Nước Thoải Mái 5 Màu Để Lựa Chọn,67645,15674,312000,https://vn-test-11.slatic.net/p/291b0441fc1bbe2cb889ad2685cd851c.jpg_80x80q80.jpg_.webp,https://vn-test-11.slatic.net/p/da105ccd4e0b2e6c80ce369cd96874a0.jpg_80x80q80.jpg_.webp,https://vn-test-11.slatic.net/p/aa811130e45316182236197d76126bd3.jpg_80x80q80.jpg_.webp
https://www.lazada.vn/products/dong-ho-thong-minh-suc-khoe-nam-67645-1227-smart-watch-pin-1-nam-ma-dha475-i135691919-s137765406.html?search=1,Đồng hồ Thông Minh Sức Khỏe Nam 67645 1227 Smart Watch Pin 1 Năm,67645,70443,399000,https://laz-img-cdn.alicdn.com/tfs/TB1oP2bbQvoK1RjSZFNXXcxMVXa-300-200.png,https://vn-test-11.slatic.net/p/9fecee2959ceecb1ed4d268eacf67b97.jpg_80x80q80.jpg_.webp,https://vn-test-11.slatic.net/p/8/dong-ho-thong-minh-suc-khoe-nam-67645-1227-smart-watch-pin-1-nam-ma-dha475-1003-30788651-9c210d4fe450553df6f9d0c3474204f8-catalog.jpg_80x80q80.jpg_.webp
https://www.lazada.vn/products/dong-ho-nam-day-kim-loai-casio-anh-khue-ae-1200whd-1avdf-tang-day-da-bo-cao-cap-i102916628-s103568268.html?search=1,Đồng hồ nam dây kim loại Casio Anh Khuê AE-1200WHD-1AVDF + Tặng dây da bò cao cấp,NOTTT,15674,1119000,https://vn-test-11.slatic.net/original/c6f10ac7a33e1489dc337c54063a6a17.jpg_80x80q80.jpg_.webp,https://vn-test-11.slatic.net/p/8/dong-ho-nam-day-kim-loai-casio-anh-khue-ae-1200whd-1avdf-tang-dayda-bo-cao-cap-5833-2350386-9f67a5080308f201927ca991ecbea419-catalog.jpg_80x80q80.jpg_.webp,https://vn-test-11.slatic.net/p/8/dong-ho-nam-day-kim-loai-casio-anh-khue-ae-1200whd-1avdf-tang-dayda-bo-cao-cap-5833-2350386-7a3d5d34849bc06fad36a73e978012b4-catalog.jpg_80x80q80.jpg_.webp
https://www.lazada.vn/products/dong-ho-nam-day-thep-lua-den-dizizid-mat-sieu-mong-original-design-dztv-tang-vong-ty-huu-thach-anh-den-i245731595-s315261480.html?search=1,Đồng hồ nam dây thép lụa đen DIZIZID mặt siêu mỏng Original Design DZTV,67645,15674,108000,https://vn-test-11.slatic.net/p/59fb63ad03c2d00d38f43d03539ffd4f.jpg_80x80q80.jpg_.webp,https://vn-test-11.slatic.net/p/06f50145ae5b219d335a883bdba9e4c5.jpg_80x80q80.jpg_.webp,https://vn-test-11.slatic.net/p/bc8f173824a3689d1e4edede9907aa4f.jpg_80x80q80.jpg_.webp
https://www.lazada.vn/products/tro-gia-3004-dong-ho-nam-sesop-chau-au-van-soc-dang-cap-tang-kem-pin-du-phong-i255653984-s348594331.html?search=1,Đồng hồ Nam SESOP Châu Âu - Vân Sọc Đẳng Cấp,NOTTT,15674,390000,https://laz-img-cdn.alicdn.com/tfs/TB1oP2bbQvoK1RjSZFNXXcxMVXa-300-200.png,https://vn-test-11.slatic.net/p/644ede934e604b527d0e0e40a4893c63.jpg_80x80q80.jpg_.webp,https://vn-test-11.slatic.net/p/d9d4e78de9b9f58ad0d19c362ed0ba67.jpg_80x80q80.jpg_.webp
https://www.lazada.vn/products/dong-ho-nam-32658-italy-kinh-trang-sapphire-full-kim-day-thep-duc-dat-cao-cap-i266134495-s385152050.html?search=1,Đồng hồ Nam 32658 ITALY Kính Tráng Sapphire Full Kim – Dây thép đúc đặt cao cấp,NOTTT,15674,350000,https://laz-img-cdn.alicdn.com/tfs/TB1oP2bbQvoK1RjSZFNXXcxMVXa-300-200.png,https://vn-test-11.slatic.net/p/52f5d0817085ea9c2e1da5b034ae58d2.jpg_80x80q80.jpg_.webp,https://vn-test-11.slatic.net/p/3e985920260a88bcb5361e020e81880b.jpg_80x80q80.jpg_.webp
https://www.lazada.vn/products/dong-ho-nam-sieu-dep-ttp-217mat-trang-i145690628-s151614848.html?search=1,Đồng hồ nam siêu đẹp TTP-217(mặt trắng)),NOTTT,15674,34500,https://vn-test-11.slatic.net/p/8/dong-ho-nam-sieu-dep-ttp-217mat-trang-8466-59308932-720cc12f5df2d367f51c5fda6cec0d11-catalog.jpg_80x80q80.jpg_.webp,https://vn-test-11.slatic.net/original/13f314857ca2846c19782ccf3c0724c1.jpg_80x80q80.jpg_.webp,https://vn-test-11.slatic.net/original/2e9c475fbf703727e7ec424f7578f9e7.jpg_80x80q80.jpg_.webp
https://www.lazada.vn/products/dong-ho-nam-mat-original-sieu-mong-day-thep-lua-den-cao-cap-dizizid-dz01-tang-hop-xin-pin-du-phong-tri-gia-35k-i245730562-s315260439.html?search=1,Đồng hồ nam mặt Original siêu mỏng dây thép lụa đen cao cấp DIZIZID DZ01,NOTTT,15674,124200,https://vn-test-11.slatic.net/original/c9e5e3d7f268f60508a553f146809e0e.jpg_80x80q80.jpg_.webp,https://vn-test-11.slatic.net/original/8482169d542e58b518a45cdb068f512d.jpg_80x80q80.jpg_.webp,https://vn-test-11.slatic.net/original/bcb46f8cf054f265d04f96a9f5b068b5.jpg_80x80q80.jpg_.webp
https://www.lazada.vn/products/dong-ho-nam-sesop-chau-au-van-soc-dang-cap-tang-kem-pin-du-phong-i255653984-s348594331.html?search=1,Đồng hồ Nam SESOP Châu Âu - Vân Sọc Đẳng Cấp,NOTTT,15674,390000,https://laz-img-cdn.alicdn.com/tfs/TB1oP2bbQvoK1RjSZFNXXcxMVXa-300-200.png,https://vn-test-11.slatic.net/p/644ede934e604b527d0e0e40a4893c63.jpg_80x80q80.jpg_.webp,https://vn-test-11.slatic.net/p/d9d4e78de9b9f58ad0d19c362ed0ba67.jpg_80x80q80.jpg_.webp
https://www.lazada.vn/products/dong-ho-thong-minh-smart-watch-a1-hong-i244325083-s313026854.html?search=1,Đồng hồ thông minh Smart watch A1 (Hồng),86124,70443,139000,https://laz-img-cdn.alicdn.com/tfs/TB1oP2bbQvoK1RjSZFNXXcxMVXa-300-200.png,https://vn-test-11.slatic.net/p/c17f6fdd29e7f883945cbfb149a0e9f4.jpg_80x80q80.jpg_.webp,https://vn-test-11.slatic.net/original/7b7575ab89f99b3f896a03b58039c82b.jpg_80x80q80.jpg_.webp
https://www.lazada.vn/products/dong-ho-thong-minh-inwatch-c-plus-doi-2017-i101096283-s147342973.html?search=1,Đồng hồ thông minh InWatch C plus đời 2017,68786,70443,169000,https://vn-test-11.slatic.net/p/2/dong-ho-thong-minh-inwatch-c-plus-doi-2017-7222-56163512-5d14bc71a032a19ad6ce204f3c3ca099-catalog.jpg_80x80q80.jpg_.webp,https://vn-test-11.slatic.net/p/2/dong-ho-thong-minh-inwatch-c-plus-doi-2017-7222-56163512-5d14bc71a032a19ad6ce204f3c3ca099-catalog.jpg_80x80q80.jpg_.webp,https://vn-test-11.slatic.net/p/2/dong-ho-thong-minh-inwatch-c-plus-doi-2017-7222-56163512-5d14bc71a032a19ad6ce204f3c3ca099-catalog.jpg_80x80q80.jpg_.webp
https://www.lazada.vn/products/dong-ho-thong-minh-x8-ket-noi-wifi3g-ho-tro-camera-kep-i222305035-s279864519.html?search=1,"Đồng hồ thông minh X8 kết nối Wifi,3G hỗ trợ camera kép",68786,70443,1299000,https://laz-img-cdn.alicdn.com/tfs/TB1oP2bbQvoK1RjSZFNXXcxMVXa-300-200.png,https://vn-test-11.slatic.net/original/cfac7ebb5261101af4bd2655d8a4523f.jpg_80x80q80.jpg_.webp,https://vn-test-11.slatic.net/original/4e951d7b4c18d1352080fd044bc68bca.jpg_80x80q80.jpg_.webp
https://www.lazada.vn/products/dong-ho-thong-minh-smart-watch-a1-gan-sim-doc-lap-xanh-la-i2112428-s147350991.html?search=1,Đồng hồ thông minh Smart Watch A1 gắn sim độc lập (Xanh lá)  ,68786,70443,139000,https://vn-test-11.slatic.net/p/2/dong-ho-thong-minh-smart-watch-a1-gan-sim-doc-lap-xanh-la-3637-09963512-d011368c5f4ddd6d873a483a3d16f4f0-catalog.jpg_80x80q80.jpg_.webp,https://vn-test-11.slatic.net/original/2c5f69653adbd939e2185057fd79f70f.jpg_80x80q80.jpg_.webp,https://vn-test-11.slatic.net/original/ea4f7f94c6460e6b1d97a99e4771d88f.jpg_80x80q80.jpg_.webp
https://www.lazada.vn/products/dong-ho-thong-minh-smartwatch-dz09-chinh-hang-gia-re-i101892253-s102242383.html?search=1,Đồng hồ thông minh SmartWatch DZ09 chính hãng giá rẻ,68786,70443,290000,https://vn-test-11.slatic.net/p/ca9a2eec3b2ce2de2317f27c76c51c28.jpg_80x80q80.jpg_.webp,https://vn-test-11.slatic.net/original/55c5ba4141b291da764350d35d996ecb.jpg_80x80q80.jpg_.webp,https://vn-test-11.slatic.net/original/1840cf2acf1eda876ce01ae6658aa240.jpg_80x80q80.jpg_.webp
https://www.lazada.vn/products/83-la-phu-nu-se-co-qua-tang-lac-tay-hoppin-dong-ho-thoi-trang-nu-cao-cap-day-kim-loai-chong-nuoc-thuong-hieu-dimini-i246377408-s348499216.html?search=1,Đồng hồ thời trang nữ cao cấp dây kim loại chống nước thương hiệu Dimini (blue),50483,22832,69000,https://laz-img-cdn.alicdn.com/tfs/TB1oP2bbQvoK1RjSZFNXXcxMVXa-300-200.png,https://vn-test-11.slatic.net/p/ba42c77246df0104edfb330356a5c232.jpg_80x80q80.jpg_.webp,https://vn-test-11.slatic.net/p/14c6bedf0403d507c662fbcd48cc72d6.jpg_80x80q80.jpg_.webp
https://www.lazada.vn/products/tang-lac-ma-vang-non-tang-pin-tang-hop-dong-ho-thoi-trang-nu-cao-cap-day-kim-loai-chong-nuoc-thuong-hieu-dimini-i246059820-s315903506.html?search=1,Đồng hồ thời trang nữ cao cấp dây kim loại chống nước thương hiệu Dimini ( gold ),50483,22832,78000,https://laz-img-cdn.alicdn.com/tfs/TB1oP2bbQvoK1RjSZFNXXcxMVXa-300-200.png,https://vn-test-11.slatic.net/p/7b03789d04d8aa244a926f1c3ff5b994.jpg_80x80q80.jpg_.webp,https://vn-test-11.slatic.net/p/3412792e1e69c5dba02317071b243aa8.jpg_80x80q80.jpg_.webp
https://www.lazada.vn/products/hang-moi-ve-dong-ho-thoi-trang-nu-geneva-nhieu-mau-dong-ho-6-kim-dong-ho-thoi-trang-nam-dong-ho-thoi-trang-unisex-chong-nuoc-di-mua-rua-tay-dong-ho-qbin-shop-i228248695-s289549331.html?search=1,"Đồng hồ thời trang nữ Geneva , đồng hồ 6 kim",86124,22832,29000,https://vn-test-11.slatic.net/original/804f18b5b627594aad9825bee97bf7f0.jpg_80x80q80.jpg_.webp,https://vn-test-11.slatic.net/original/a7081ffee46a5efb13f26905fb3c7966.jpg_80x80q80.jpg_.webp,https://vn-test-11.slatic.net/original/53ed1d74f05d9d3796b34a7f33cfab8f.jpg_80x80q80.jpg_.webp
https://www.lazada.vn/products/dong-ho-nu-halei-hl236-v6-mat-trang-chong-nuoc-i143202820-s147979321.html?search=1,Đồng hồ nữ Halei Hl236 V6 mặt trắng chống nước,50483,22832,165000,https://vn-test-11.slatic.net/p/8/dong-ho-nu-halei-hl236-v6-mat-trang-chong-nuoc-2024-22375812-b78f27d1f4707cc2ef9e19fb8056cd2a-catalog.jpg_80x80q80.jpg_.webp,https://vn-test-11.slatic.net/p/8/dong-ho-nu-halei-hl236-v6-mat-trang-chong-nuoc-2024-22375812-91b9c8c735f1d9e1b5c71664c436124c-catalog.jpg_80x80q80.jpg_.webp,https://vn-test-11.slatic.net/original/ed16d5347ea610ec11ff15608d5e08ef.jpg_80x80q80.jpg_.webp
https://www.lazada.vn/products/dong-ho-nu-day-kim-loai-gia-re-chong-nuoc-bs-bee-sister-dinh-da-m020-kem-hop-new-luxury-dong-ho-nu-gia-re-chong-nuoc-day-kim-loai-tang-kem-pin-dong-ho-thay-the-mai-lee-i233627625-s297279973.html?search=1,Đồng hồ nữ Dây Kim Loại Giá rẻ Chống Nước BS Bee Sister Đính đá M020 (Kèm Hộp),50483,22832,249500,https://vn-test-11.slatic.net/p/b9586cae6e583ba5d6318bdb426cdd78.jpg_80x80q80.jpg_.webp,https://vn-test-11.slatic.net/p/b2359b9109e74b8564df080f53de6249.jpg_80x80q80.jpg_.webp,https://vn-test-11.slatic.net/p/e9dcdca1444ea459ec5c70a351d51874.jpg_80x80q80.jpg_.webp
https://www.lazada.vn/products/tang-lac-tang-pin-tang-hop-dong-ho-nu-thoi-trang-cao-cap-mobangtuo-day-nam-cham-chong-suoc-chong-nuoc-i248461588-s325220490.html?search=1,Đồng hồ nữ thời trang cao cấp Mobangtuo dây nam châm chống sước chống nước,NOTTT,22832,185000,https://laz-img-cdn.alicdn.com/tfs/TB1oP2bbQvoK1RjSZFNXXcxMVXa-300-200.png,https://vn-test-11.slatic.net/p/9cf9b284372f01547e80aa5ca6905d6b.jpg_80x80q80.jpg_.webp,https://vn-test-11.slatic.net/p/835b009f1f9774d019c4d1f067b1b799.jpg_80x80q80.jpg_.webp
https://www.lazada.vn/products/dong-ho-nu-halei-hl168-v6-mau-vang-chong-nuoc-i143199050-s147973245.html?search=1,Đồng hồ nữ Halei HL168 V6 màu vàng chống nước,47584,22832,165000,https://vn-test-11.slatic.net/p/8/dong-ho-nu-halei-hl168-v6-mau-vang-chong-nuoc-6442-26755812-af4843a1f6b0d3343bc88f243b1b7d42-catalog.jpg_80x80q80.jpg_.webp,https://vn-test-11.slatic.net/p/8/dong-ho-nu-halei-hl168-v6-mau-vang-chong-nuoc-3822-26755812-776cd43355e920174e38cfccfbceafe2-catalog.jpg_80x80q80.jpg_.webp,https://vn-test-11.slatic.net/p/8/dong-ho-nu-halei-hl168-v6-mau-vang-chong-nuoc-3822-26755812-32e2ede3447838e54cd0d9545a99f4a4-catalog.jpg_80x80q80.jpg_.webp
https://www.lazada.vn/products/dong-ho-nu-day-thep-mau-vang-v6-001-chong-nuoc-halei-i143200004-s147972294.html?search=1,Đồng hồ nữ dây thép màu vàng V6 001 chống nước HALEI,47584,22832,165000,https://vn-test-11.slatic.net/p/8/dong-ho-nu-day-thep-mau-vang-v6-chong-nuoc-halei-4636-71245812-1a3bfd7ad3f02b24ea42af13c8f72237-catalog.jpg_80x80q80.jpg_.webp,https://vn-test-11.slatic.net/p/8/dong-ho-nu-day-thep-mau-vang-v6-chong-nuoc-halei-4636-71245812-84e27f6bb6228907c74a21669060ca20-catalog.jpg_80x80q80.jpg_.webp,https://vn-test-11.slatic.net/p/8/dong-ho-nu-day-thep-mau-vang-v6-chong-nuoc-halei-4636-71245812-d3a128a8f93f0bd6437cc4895f4553fd-catalog.jpg_80x80q80.jpg_.webp
https://www.lazada.vn/products/dong-ho-nu-curren-chong-nuoc-day-thep-lua-cao-cap-i236929774-s306156003.html?search=1,"Đồng Hồ Nữ CURREN Chống Nước, Dây Thép Lụa Cao Cấp",86267,22832,235000,https://vn-test-11.slatic.net/original/e8ca6134b0dc4c2387c41dea6f1a30c1.jpg_80x80q80.jpg_.webp,https://vn-test-11.slatic.net/original/20ce25f69ca90a11990dfc5f27834a2c.jpg_80x80q80.jpg_.webp,https://vn-test-11.slatic.net/original/e2936c649b59116ea09076987d94b5c7.jpg_80x80q80.jpg_.webp
https://www.lazada.vn/products/sieu-gia-99k-dong-ho-nam-jenises-hien-thi-lich-ngay-cao-cap-i266604249-s420774383.html?search=1,(SIÊU GIÁ 99K) Đồng Hồ Nam JENISES - Hiển Thị Lịch Ngày Cao Cấp,NOTTT,15674,99000,https://laz-img-cdn.alicdn.com/tfs/TB1oP2bbQvoK1RjSZFNXXcxMVXa-300-200.png,https://vn-test-11.slatic.net/p/6aad655001a05093f48c11c30f0893fd.jpg_80x80q80.jpg_.webp,https://vn-test-11.slatic.net/p/5c838fd116febe8e5fa9fdd02047f4dc.jpg_80x80q80.jpg_.webp
https://www.lazada.vn/products/sieu-gia-3004-dong-ho-nam-32658-luxury-kinh-sapphire-day-charm-duc-dat-dang-cap-i255689378-s348659530.html?search=1,Đồng hồ Nam 32658 LUXURY Kính Sapphire – Dây CHARM đúc đặt đẳng cấp,NOTTT,15674,500000,https://laz-img-cdn.alicdn.com/tfs/TB1oP2bbQvoK1RjSZFNXXcxMVXa-300-200.png,https://vn-test-11.slatic.net/p/1d8246e77775b6a59da8d6f0ab609b5b.jpg_80x80q80.jpg_.webp,https://vn-test-11.slatic.net/p/e43b1a014752a56ba42a2cd589ee3ad1.jpg_80x80q80.jpg_.webp
https://www.lazada.vn/products/dong-ho-nam-32658-italy-lux-kinh-trang-sapphire-full-kim-day-thep-duc-dat-cao-cap-i266134138-s384948111.html?search=1,Đồng hồ Nam 32658 ITALY LUX Kính Tráng Sapphire Full Kim – Dây thép đúc đặt cao cấp,NOTTT,15674,255000,https://laz-img-cdn.alicdn.com/tfs/TB1oP2bbQvoK1RjSZFNXXcxMVXa-300-200.png,https://vn-test-11.slatic.net/p/c402121636a3ad8caed8e732990e98d2.jpg_80x80q80.jpg_.webp,https://vn-test-11.slatic.net/p/46870bc9041369f10816e57950f7b014.jpg_80x80q80.jpg_.webp
https://www.lazada.vn/products/dong-ho-nam-jun-yu-day-da-thoi-trang-den-i166128540-s181882629.html?search=1,Đồng hồ nam JUN YU dây da thời trang (Đen),86124,15674,19900,https://vn-test-11.slatic.net/p/8/dong-ho-nam-jun-yu-day-da-thoi-trang-den-4387-16648204-9776b2bb37c7de675daf196b3861d2a7-catalog.jpg_80x80q80.jpg_.webp,https://vn-test-11.slatic.net/p/8/dong-ho-nam-jun-yu-day-da-thoi-trang-den-4387-16648204-07bd9dd428f8fed4c5cbd893a633e2cf-catalog.jpg_80x80q80.jpg_.webp,https://vn-test-11.slatic.net/p/8/dong-ho-nam-jun-yu-day-da-thoi-trang-den-4387-16648204-b83aad595ca20fa544252abb84b92e02-catalog.jpg_80x80q80.jpg_.webp
https://www.lazada.vn/products/dong-ho-nam-32338-1985-day-da-tron-chay-6-kim-hang-full-box-i216963427-s291516235.html?search=1,"Đồng hồ nam 32338 1985 dây da trơn chạy 6 kim, hàng full box",32338,15674,209000,https://vn-test-11.slatic.net/original/1cfca59a235390464ebff1db38b8feb8.jpg_80x80q80.jpg_.webp,https://vn-test-11.slatic.net/original/22fdd9e4c37207039ee2db4fbb2defd3.jpg_80x80q80.jpg_.webp,https://vn-test-11.slatic.net/original/f2d3287f5bd943e80580bba0969cd367.jpg_80x80q80.jpg_.webp
https://www.lazada.vn/products/dong-ho-nam-32338-cao-cap-hang-fullbox-tang-pin-du-phong-va-cay-thao-mac-ni2309-day-duc-may-chay-6-kim-i216278409-s312603605.html?search=1,"Đồng hồ Nam 32338 cao cấp (Ni2309 dây đúc, máy chạy 6 kim)",32338,15674,235000,https://laz-img-cdn.alicdn.com/tfs/TB1oP2bbQvoK1RjSZFNXXcxMVXa-300-200.png,https://vn-test-11.slatic.net/original/103ecc01f26e06d76d9c7689c232384e.jpg_80x80q80.jpg_.webp,https://vn-test-11.slatic.net/original/0a9b7b653634cbfd5bd478570c264368.jpg_80x80q80.jpg_.webp
https://www.lazada.vn/products/dong-ho-nam-05372-the-thao-day-silicone-sieu-ben-i264056568-s390878128.html?search=1,Đồng Hồ Nam 05372 Thể Thao Dây Silicone Siêu Bền,NOTTT,15674,149000,https://laz-img-cdn.alicdn.com/tfs/TB1oP2bbQvoK1RjSZFNXXcxMVXa-300-200.png,https://vn-test-11.slatic.net/p/e8cfe804333d1f29161718b0b4ba8351.jpg_80x80q80.jpg_.webp,https://vn-test-11.slatic.net/p/454831a79a544aa01f9fc74bd645228e.jpg_80x80q80.jpg_.webp
https://www.lazada.vn/products/dong-ho-nam-32658-italy-kinh-trang-sapphire-chuyen-mau-nghe-thuat-day-thep-duc-dat-cao-cap-i249605431-s393768032.html?search=1,Đồng hồ Nam 32658 ITALY Kính Tráng Sapphire,32658,15674,270000,https://laz-img-cdn.alicdn.com/tfs/TB1oP2bbQvoK1RjSZFNXXcxMVXa-300-200.png,https://vn-test-11.slatic.net/p/e9886023e116524a884b6b80d028aeae.jpg_80x80q80.jpg_.webp,https://vn-test-11.slatic.net/p/7cea85f782032374feb387a29bd7481c.jpg_80x80q80.jpg_.webp
https://www.lazada.vn/products/gia-goc-dong-ho-nam-32338-luxury-kinh-trang-sapphire-chong-nuoc-cuc-tot-chay-full-kim-i266170159-s385114349.html?search=1,Đồng hồ Nam 32338 LUXURY Kính Tráng SAPPHIRE,NOTTT,15674,2100000,https://laz-img-cdn.alicdn.com/tfs/TB1oP2bbQvoK1RjSZFNXXcxMVXa-300-200.png,https://vn-test-11.slatic.net/p/e15accf843352d3919fbc406f6cce392.jpg_80x80q80.jpg_.webp,https://vn-test-11.slatic.net/p/f239560b349e76bbbdf1480e7403cc77.jpg_80x80q80.jpg_.webp
https://www.lazada.vn/products/dong-ho-nam-32338-1985-day-thep-luoi-mong-cao-cap-full-6-kim-lich-ngay-full-box-i221417077-s279385872.html?search=1,Đồng hồ nam 32338 1985 dây thép lưới mỏng cao cấp full 6 kim lịch ngày (full box),32338,15674,235000,https://laz-img-cdn.alicdn.com/tfs/TB1oP2bbQvoK1RjSZFNXXcxMVXa-300-200.png,https://vn-test-11.slatic.net/original/6ecb129e770d4bd8b824fc3f9bfbc795.jpg_80x80q80.jpg_.webp,https://vn-test-11.slatic.net/original/df08fc60527122f35e94024e830a4b91.jpg_80x80q80.jpg_.webp
https://www.lazada.vn/products/xa-hang-dong-ho-thoi-trang-nam-chong-xuoc-chong-nuoc-cao-cap-co-6-kim-lich-thep-khong-gi-qbin-shop-moi-nhat-2018-mau-bac-mat-xanh-mat-trang-i250060015-s329744917.html?search=1,"Đồng hồ thời trang nam 6 kim , lịch , thép không gỉ QBIN Shop mới nhất 2018",86124,15674,29000,https://vn-test-11.slatic.net/p/9730aa9dd78d4b5fbd965afe4b01c30b.jpg_80x80q80.jpg_.webp,https://vn-test-11.slatic.net/original/2e6d37b641a96e3a7bf8b541ce2085e3.jpg_80x80q80.jpg_.webp,https://vn-test-11.slatic.net/original/b4cc89680089f17b003af96005ab976c.jpg_80x80q80.jpg_.webp
https://www.lazada.vn/products/dong-ho-thong-minh-gan-sim-sa01-tang-kem-1-but-cam-ung-i102636644-s103188852.html?search=1,Đồng hồ thông minh gắn sim SA01+ Tặng kèm 1 bút cảm ứng,86124,70443,170000,https://vn-test-11.slatic.net/original/9a4d7077015824e9614a2dd2d669b1c8.jpg_80x80q80.jpg_.webp,https://vn-test-11.slatic.net/original/90c8c3411d6434354bc56b7ec7bb0e15.jpg_80x80q80.jpg_.webp,https://vn-test-11.slatic.net/original/dae77eca15ad07be502574df22fb9a78.jpg_80x80q80.jpg_.webp
https://www.lazada.vn/products/dong-ho-thong-minh-smartwatch-sa1-hong-tang-kem-the-nho-va-but-cam-ung-i143248794-s148053157.html?search=1,Đồng hồ thông minh SMARTWATCH SA1 (Hồng),68786,70443,239000,https://laz-img-cdn.alicdn.com/tfs/TB1oP2bbQvoK1RjSZFNXXcxMVXa-300-200.png,https://vn-test-11.slatic.net/p/0da622ef454ab2da0b6aca128db0b4cd.jpg_80x80q80.jpg_.webp,https://vn-test-11.slatic.net/p/0cb5af504854a922881f5fd3772b1d1c.jpg_80x80q80.jpg_.webp
https://www.lazada.vn/products/dong-ho-thong-minh-a1-gia-re-i102025150-s102407292.html?search=1,Đồng hồ thông minh A1 giá rẻ,86124,70443,165000,https://laz-img-cdn.alicdn.com/tfs/TB1oP2bbQvoK1RjSZFNXXcxMVXa-300-200.png,https://vn-test-11.slatic.net/p/c324f8e123400d5a73f5e820f25553be.jpg_80x80q80.jpg_.webp,https://vn-test-11.slatic.net/p/957f699a70eb66048903d8158f58d929.jpg_80x80q80.jpg_.webp
https://www.lazada.vn/products/sale-50-vong-deo-tay-thong-minh-smart-band-m3-do-nhip-tim-ket-noi-bluetoothdong-ho-thong-minh-chong-nuoc-vong-tay-dong-ho-day-deo-tay-tap-the-thao-vong-theo-doi-suc-khoe-vong-theo-doi-van-dong-i258174545-s357925437.html?search=1,Vòng đeo tay thông minh Smart Band M3 Đo Nhịp Tim kết nối Bluetooth ( green ),86124,70443,135000,https://vn-test-11.slatic.net/p/d7bc5314bcfaa2f4001373729e97d7e8.jpg_80x80q80.jpg_.webp,https://vn-test-11.slatic.net/p/32467b918335980bdb5fb52531a24ffa.jpg_80x80q80.jpg_.webp,https://vn-test-11.slatic.net/p/c58e37b7f49505d7c2a8ab9023d35c2b.jpg_80x80q80.jpg_.webp
https://www.lazada.vn/products/dong-ho-thong-minh-dz09-the-he-moi-nghe-goi-nhan-tin-thong-bao-cuoc-goi-dam-thoai-tu-dien-thoai-i246314923-s316368658.html?search=1,Đồng Hồ Thông Minh Dz09 Thế Hệ Mới,86124,70443,121000,https://vn-test-11.slatic.net/original/4a76020bac84bf2a71bffa6fa053a6f4.jpg_80x80q80.jpg_.webp,https://vn-test-11.slatic.net/original/df69fc6e06024073af8007fb3b3e6725.jpg_80x80q80.jpg_.webp,https://vn-test-11.slatic.net/original/90ff6fed30681a641b44353e14e61ee5.jpg_80x80q80.jpg_.webp
https://www.lazada.vn/products/vong-deo-tay-thong-minh-m2-do-nhip-tim-ket-noi-bluetoothdong-ho-thong-minh-chong-nuoc-vong-tay-dong-ho-day-deo-tay-tap-the-thao-vong-theo-doi-suc-khoe-vong-theo-doi-van-dong-i257957167-s357305441.html?search=1,Vòng đeo tay thông minh M2 Đo Nhịp Tim kết nối Bluetooth,86124,70443,135000,https://vn-test-11.slatic.net/p/81662c2e67a9fd1fae689b9eebc8b4c3.jpg_80x80q80.jpg_.webp,https://vn-test-11.slatic.net/p/65c71bb63b0386bd1d31c36a9a36e980.jpg_80x80q80.jpg_.webp,https://vn-test-11.slatic.net/p/6883c7e5b3204cebcfc436218fc8d7eb.jpg_80x80q80.jpg_.webp
https://www.lazada.vn/products/miband-3-dong-ho-thong-minh-phien-ban-tieng-viet-i244051943-s312637726.html?search=1,MIBAND 3 ĐỒNG HỒ THÔNG MINH - PHIÊN BẢN TIẾNG VIỆT,35225,70443,539000,https://vn-test-11.slatic.net/original/2616e3730783078b0c032be44926b5a8.jpg_80x80q80.jpg_.webp,https://vn-test-11.slatic.net/p/20ee3af7dc357d444a23eced811b6063.jpg_80x80q80.jpg_.webp,https://vn-test-11.slatic.net/p/abab8eec5294a8677e7de4dc34ac80bc.jpg_80x80q80.jpg_.webp
https://www.lazada.vn/products/dong-ho-thong-minh-chong-nuoc-quan-ly-va-dinh-vi-tre-em-df25-hang-nhap-khau-i253308258-s338685056.html?search=1,Đồng hồ Thông minh Chống nước quản lý và định vị trẻ em DF25 - Hàng nhập khẩu,86124,70443,415000,https://vn-test-11.slatic.net/p/c5ae22d25ed6851909ba352af775cb92.jpg_80x80q80.jpg_.webp,https://vn-test-11.slatic.net/p/1c44e1c4fb48c354e37e8c78c111db6d.jpg_80x80q80.jpg_.webp,https://vn-test-11.slatic.net/p/b0a9728a2012bb1057cd5b1b0548c574.jpg_80x80q80.jpg_.webp
https://www.lazada.vn/products/dong-ho-thong-minh-smart-watch-dz09-i133366721-s134391345.html?search=1,Đồng hồ thông minh Smart watch DZ09,86124,70443,114999,https://vn-test-11.slatic.net/p/1bcad7b9ac0c3328cb2fbbf7d37b542d.jpg_80x80q80.jpg_.webp,https://vn-test-11.slatic.net/original/db6cacebdf7522b0990232b2e87d4f2a.jpg_80x80q80.jpg_.webp,https://vn-test-11.slatic.net/original/9c34b9c4b05acf6bdc47a7d1aa4d09d8.jpg_80x80q80.jpg_.webp
https://www.lazada.vn/products/dong-ho-thong-minh-smart-watch-uwatch-dz09-vang-i223602661-s281820613.html?search=1,Đồng Hồ thông minh Smart Watch Uwatch DZ09 (Vàng),86124,70443,115000,https://laz-img-cdn.alicdn.com/tfs/TB1oP2bbQvoK1RjSZFNXXcxMVXa-300-200.png,https://vn-test-11.slatic.net/original/a174d05ecbcec1c0a3db5aa9b3b45757.jpg_80x80q80.jpg_.webp,https://vn-test-11.slatic.net/original/2ce3de4411020360cab3f7739953cdf3.jpg_80x80q80.jpg_.webp
https://www.lazada.vn/products/free-gift-dong-ho-thong-minh-sx6-man-hinh-cong-trang-tang-kem-mat-kieng-tai-nghe-i235346067-s299829414.html?search=1,Đồng hồ thông minh SX6 màn hình cong (Trắng),86124,70443,299000,https://laz-img-cdn.alicdn.com/tfs/TB1oP2bbQvoK1RjSZFNXXcxMVXa-300-200.png,https://vn-test-11.slatic.net/original/dc2ad90ef46eb7b66ddd61fbfd88c04d.jpg_80x80q80.jpg_.webp,https://vn-test-11.slatic.net/original/75394a04e499410d9a395d959287fa28.jpg_80x80q80.jpg_.webp
https://www.lazada.vn/products/dong-ho-thong-minh-smart-watch-sa1-mau-trang-white-i247032560-s319325737.html?search=1,Đồng hồ thông minh SMART WATCH SA1 - màu trắng,NOTTT,70443,165000,https://vn-test-11.slatic.net/p/68c5c4a04ecfe500203577f2c5c1f7a2.jpg_80x80q80.jpg_.webp,https://vn-test-11.slatic.net/p/45b3c92db2bcf173a4d742efd3da1185.jpg_80x80q80.jpg_.webp,https://vn-test-11.slatic.net/p/c8d150f3fceefdfa746a5a5063e0040f.jpg_80x80q80.jpg_.webp
https://www.lazada.vn/products/dong-ho-thong-minh-smart-watch-dz09-den-i107063383-s108399335.html?search=1,Đồng hồ thông minh Smart Watch DZ09 Đen,86124,70443,115000,https://vn-test-11.slatic.net/p/2/dong-ho-thong-minh-smart-watch-dz09-den-1716-72671801-b55902362e003ca42a8ea72008d88ec8-catalog.jpg_80x80q80.jpg_.webp,https://vn-test-11.slatic.net/original/b2107f412460b373c8854a1601992948.jpg_80x80q80.jpg_.webp,https://vn-test-11.slatic.net/original/b354634abd3721c32856d2b941d358b6.jpg_80x80q80.jpg_.webp
https://www.lazada.vn/products/dong-ho-dien-thoai-smartwatch-dz09-den-i136913388-s139417834.html?search=1,Đồng hồ điện thoại SmartWatch DZ09 (Đen),68786,70443,159000,https://laz-img-cdn.alicdn.com/tfs/TB1oP2bbQvoK1RjSZFNXXcxMVXa-300-200.png,https://vn-test-11.slatic.net/p/193c277455e2419bc9ff164de6d3e734.jpg_80x80q80.jpg_.webp,https://vn-test-11.slatic.net/p/fb852762b4bdccd3034e4a9108891fed.jpg_80x80q80.jpg_.webp
https://www.lazada.vn/products/dong-ho-thong-minh-smart-watch-a1-den-i136164220-s138347945.html?search=1,Đồng hồ thông minh Smart watch A1 (Đen),86124,70443,165000,https://laz-img-cdn.alicdn.com/tfs/TB1oP2bbQvoK1RjSZFNXXcxMVXa-300-200.png,https://vn-test-11.slatic.net/p/7651a2eb27eb5550c93049e46f7eb060.jpg_80x80q80.jpg_.webp,https://vn-test-11.slatic.net/p/469eeab1d77b1113f73a4e6bc2fa6222.jpg_80x80q80.jpg_.webp
https://www.lazada.vn/products/dong-ho-thong-minh-v8-nghe-goi-nhan-tin-2-chieu-nghe-nhac-chup-hinh-co-tieng-viet-i242767685-s310643599.html?search=1,"Đồng hồ thông minh V8 - Nghe gọi nhắn tin 2 chiều, Nghe nhạc, Chụp hình",86124,70443,155000,https://vn-test-11.slatic.net/p/43e94d8fa16441f4f7fbe9a5dada009d.jpg_80x80q80.jpg_.webp,https://vn-test-11.slatic.net/original/c3ec3cc32f8596152a59f2eb9ee0820d.jpg_80x80q80.jpg_.webp,https://vn-test-11.slatic.net/original/922fe915ccb78a1302c3d3d48cfe3c86.jpg_80x80q80.jpg_.webp
https://www.lazada.vn/products/dong-ho-thong-minh-smartwatch-putoca-xy08-pro-gan-sim-doc-lap-tang-tai-nghe-bluetooth-i105856038-s106982523.html?search=1,Đồng hồ thông minh Smartwatch PUTOCA XY08 Pro,68786,70443,169000,https://vn-test-11.slatic.net/p/2/dong-ho-thong-minh-smartwatch-putoca-xy08-gan-sim-doc-lap-tang-tainghe-bluetooth-0062-5236829-5951db25dafe1b1c7cc27ab926f0ff4c-catalog.jpg_80x80q80.jpg_.webp,https://vn-test-11.slatic.net/original/757ea1150a286c5cfb3417a17abc6893.jpg_80x80q80.jpg_.webp,https://vn-test-11.slatic.net/original/8bf931e5abdddb8aa0929aef19eee3fe.jpg_80x80q80.jpg_.webp
https://www.lazada.vn/products/dong-ho-nam-day-vai-pgh02-xanh-phoi-do-i213683755-s267652851.html?search=1,Đồng hồ nam dây vải PGH02 (Xanh phối đỏ),NOTTT,15674,34000,https://vn-test-11.slatic.net/original/757c1e72753126b313bee97663d46e34.jpg_80x80q80.jpg_.webp,https://vn-test-11.slatic.net/original/6c314d5721c1907d987761b10a3ceb07.jpg_80x80q80.jpg_.webp,https://vn-test-11.slatic.net/original/8299d61172e8e75395c3b841077b2a86.jpg_80x80q80.jpg_.webp
https://www.lazada.vn/products/dong-ho-nam-day-da-kinh-3d-i100027261-s297492909.html?search=1,Đồng hồ nam dây da kính 3D,86124,15674,29000,https://vn-test-11.slatic.net/original/b5f2b87583a5588c73188ddc1318ce6c.jpg_80x80q80.jpg_.webp,https://vn-test-11.slatic.net/original/960cd0390eac1ae71f464263e4854f11.jpg_80x80q80.jpg_.webp,https://vn-test-11.slatic.net/original/a13c43cf0c4f3d829433190d474d5db8.jpg_80x80q80.jpg_.webp
https://www.lazada.vn/products/dong-ho-nam-aernsi-day-titanium-2-lich-cao-cap-i249279465-s391486110.html?search=1,Đồng Hồ Nam AERNSI Dây Titanium - 2 Lịch Cao Cấp,NOTTT,15674,129000,https://laz-img-cdn.alicdn.com/tfs/TB1oP2bbQvoK1RjSZFNXXcxMVXa-300-200.png,https://vn-test-11.slatic.net/p/c5703dfa91de63d4836afacb5a6d7964.jpg_80x80q80.jpg_.webp,https://vn-test-11.slatic.net/p/ae55b938f6a8cc56a0c3f78ee4a2c389.jpg_80x80q80.jpg_.webp
https://www.lazada.vn/products/dong-ho-nam-day-thep-cao-cap-mat-rong-vang-fullbox-du-mau-tang-kem-vong-ty-huu-cao-cap-i256045030-s349775254.html?search=1,Đồng hồ nam dây thép cao cấp Mặt Rồng Vàng Fullbox,NOTTT,15674,159000,https://laz-img-cdn.alicdn.com/tfs/TB1oP2bbQvoK1RjSZFNXXcxMVXa-300-200.png,https://vn-test-11.slatic.net/p/a79fe6dee768afd7018fa4985c78ea3c.jpg_80x80q80.jpg_.webp,https://vn-test-11.slatic.net/p/d40c0d4051d6e8f20a2e6ef637697786.jpg_80x80q80.jpg_.webp
https://www.lazada.vn/products/tang-kem-pin-dong-ho-nam-mat-sieu-mong-dizizid-day-titanium-co-lich-ngay-cao-cap-dz3n01-day-den-mat-den-i260071534-s364149810.html?search=1,Đồng hồ nam mặt siêu mỏng DIZIZID dây Titanium DZ3N01,NOTTT,15674,140000,https://vn-test-11.slatic.net/p/7379cbc1f5e08d5d56986c5c43d1b07d.jpg_80x80q80.jpg_.webp,https://vn-test-11.slatic.net/p/32db2b5e8866a2f7ee151f4c3daec69a.jpg_80x80q80.jpg_.webp,https://vn-test-11.slatic.net/p/305c4f211cdf89eac11fd2800e6fbeff.jpg_80x80q80.jpg_.webp
https://www.lazada.vn/products/dong-ho-nam-dong-ho-32338-2309-vong-ty-huu-phong-thuy-i252036679-s334735406.html?search=1,"Đồng hồ nam, đồng hồ 32338 2309 + Vòng tỳ hưu phong thủy",32338,15674,245000,https://laz-img-cdn.alicdn.com/tfs/TB1oP2bbQvoK1RjSZFNXXcxMVXa-300-200.png,https://vn-test-11.slatic.net/original/f8f2555e8f91f81fede13bf53b60c10f.jpg_80x80q80.jpg_.webp,https://vn-test-11.slatic.net/original/d5ef1c57bdaf8a9e1d956c09a7077e63.jpg_80x80q80.jpg_.webp
https://www.lazada.vn/products/dong-ho-nam-32338-1985-day-duc-thep-khong-gi-ni2309-day-duc-i209081827-s277202137.html?search=1,"Đồng hồ nam 32338 1985 dây đúc, thép không gỉ (Ni2309 dây đúc )",32338,15674,235000,https://laz-img-cdn.alicdn.com/tfs/TB1oP2bbQvoK1RjSZFNXXcxMVXa-300-200.png,https://vn-test-11.slatic.net/original/090c73b20406b9ea62784b6d328f5b16.jpg_80x80q80.jpg_.webp,https://vn-test-11.slatic.net/original/d5b8d99f436741555330cdfedc6e2a16.jpg_80x80q80.jpg_.webp
https://www.lazada.vn/products/dong-ho-nam-day-thep-dac-dinh-hat-cao-cap-32338-2315-fullbox-i200014086-s250013393.html?search=1,Đồng hồ nam dây thép đặc đính hạt cao cấp 32338 2315 (fullbox),32338,15674,287000,https://vn-test-11.slatic.net/original/80979f077df746516cc913b643343d67.jpg_80x80q80.jpg_.webp,https://vn-test-11.slatic.net/original/2ebb3594a1d8a13cad7a554b8842c375.jpg_80x80q80.jpg_.webp,https://vn-test-11.slatic.net/original/9a1dd10bd63e86508a927a973306d6cc.jpg_80x80q80.jpg_.webp
https://www.lazada.vn/products/dong-ho-nam-dong-ho-32338-2309-vang-mat-den-vong-tay-ty-huu-phong-thuy-i248213777-s324226785.html?search=1,"Đồng hồ nam, đồng hồ 32338 2309 vàng mặt đen",32338,15674,248000,https://laz-img-cdn.alicdn.com/tfs/TB1oP2bbQvoK1RjSZFNXXcxMVXa-300-200.png,https://vn-test-11.slatic.net/original/f53ba60b0673316cb7e10853322738b9.jpg_80x80q80.jpg_.webp,https://vn-test-11.slatic.net/original/31cc4aa70baf4e6c01238082b50e2934.jpg_80x80q80.jpg_.webp
https://www.lazada.vn/products/tang-pin-du-phong-them-vong-ty-huu-dong-ho-nam-32338-1985-day-lua-dong-ho-nam-dong-ho-32338-1985-dong-ho-32338-day-lua-dong-ho-32338-day-lua-1985-dong-ho-thoi-trang-nam-32338-dong-ho-32338-thoi-trang-cap-cap-i248754459-s326683758.html?search=1,Đồng Hồ Nam 32338 1985 Dây Lụa- Đồng Hồ 32338 Thời Trang Cao Cấp,32338,15674,99000,https://vn-test-11.slatic.net/p/7cc7ab3eccd4186b297c7a9592c9596d.jpg_80x80q80.jpg_.webp,https://vn-test-11.slatic.net/p/3c1886c4faaaecc46fc9177e37d04525.jpg_80x80q80.jpg_.webp,https://vn-test-11.slatic.net/original/d30cd7b6a83cb959d2cf4628a19f8213.jpg_80x80q80.jpg_.webp
https://www.lazada.vn/products/dong-ho-nam-sesop-ryker-dinh-da-sang-trong-tang-pin-du-phong-i255618566-s348440759.html?search=1,Đồng hồ Nam SESOP RYKER Đính đá sang trọng,NOTTT,15674,200000,https://laz-img-cdn.alicdn.com/tfs/TB1oP2bbQvoK1RjSZFNXXcxMVXa-300-200.png,https://vn-test-11.slatic.net/p/610d28c5a1880af50d9036f8c45eba80.jpg_80x80q80.jpg_.webp,https://vn-test-11.slatic.net/p/9a257e1b2259e2ed8036113bd164e047.jpg_80x80q80.jpg_.webp
https://www.lazada.vn/products/dong-ho-nam-32338-1985-day-duc-thep-khong-gi-32338-717-day-duc-i232006970-s294695146.html?search=1,"Đồng hồ nam 32338 1985 dây đúc, thép không gỉ (32338 717 dây đúc )",32338,15674,295000,https://laz-img-cdn.alicdn.com/tfs/TB1oP2bbQvoK1RjSZFNXXcxMVXa-300-200.png,https://vn-test-11.slatic.net/original/40fa7982fc2552e9874cf5502bd2d3a6.jpg_80x80q80.jpg_.webp,https://vn-test-11.slatic.net/original/1e6778d9f2d3c46f5571f5d708c93e52.jpg_80x80q80.jpg_.webp
https://www.lazada.vn/products/dong-ho-nam-32338-1985-day-da-cao-cap-tang-kem-pin-vong-ty-huu-i211757349-s277680287.html?search=1,Đồng hồ nam 32338 1985 dây da cao cấp,32338,15674,199000,https://laz-img-cdn.alicdn.com/tfs/TB1oP2bbQvoK1RjSZFNXXcxMVXa-300-200.png,https://vn-test-11.slatic.net/p/5c4c618fba4c1634f36aea676b753096.jpg_80x80q80.jpg_.webp,https://vn-test-11.slatic.net/original/581a44bf06e98aa4031578b05997bec1.jpg_80x80q80.jpg_.webp
https://www.lazada.vn/products/dong-ho-nam-32338-1985-day-thep-duc-chay-6-kim-business-style-mdl-2309s-fullbox-kem-pin-i208479534-s279377228.html?search=1,Đồng hồ nam 32338 1985 dây thép đúc chạy 6 kim business MDL-2309S,32338,15674,235000,https://laz-img-cdn.alicdn.com/tfs/TB1oP2bbQvoK1RjSZFNXXcxMVXa-300-200.png,https://vn-test-11.slatic.net/original/1da177e217f755c19acc55f0bde2a8c2.jpg_80x80q80.jpg_.webp,https://vn-test-11.slatic.net/original/225c644f8faebd34de370a3c278e0801.jpg_80x80q80.jpg_.webp
https://www.lazada.vn/products/dong-ho-day-da-nam-thoi-trang-697-i228315509-s289622861.html?search=1,Đồng hồ dây da nam thời trang 697,NOTTT,15674,15000,https://vn-test-11.slatic.net/original/0381820ba221e84600e80afd23bfaf48.jpg_80x80q80.jpg_.webp,https://vn-test-11.slatic.net/original/cf8c24a3ec2009be789effc562902f12.jpg_80x80q80.jpg_.webp,https://vn-test-11.slatic.net/original/fb9271951e493c65ccdc48788eefac62.jpg_80x80q80.jpg_.webp
https://www.lazada.vn/products/dong-ho-nam-orlando-day-thep-co-clip-i250227569-s330519356.html?search=1,Đồng hồ nam ORLANDO dây thép có clip,NOTTT,15674,71000,https://laz-img-cdn.alicdn.com/tfs/TB1oP2bbQvoK1RjSZFNXXcxMVXa-300-200.png,https://vn-test-11.slatic.net/original/95973d4f4bd06cdd759f68119eb9f5c3.jpg_80x80q80.jpg_.webp,https://vn-test-11.slatic.net/original/616fc2f7aa215d55f9afa8c657663a99.jpg_80x80q80.jpg_.webp
https://www.lazada.vn/products/dong-ho-nam-day-thep-den-mat-sieu-mong-dizizid-dz24-cao-cap-thiet-ke-sang-trong-mat-den-day-den-tang-hop-cao-cap-i254092455-s343246535.html?search=1,Đồng hồ nam dây thép đen mặt siêu mỏng DIZIZID DZ24,NOTTT,15674,405000,https://vn-test-11.slatic.net/p/2ca6ef83d30e346520a27ad065ad8cef.jpg_80x80q80.jpg_.webp,https://vn-test-11.slatic.net/p/47169d49f6149a0928c118c540f4f103.jpg_80x80q80.jpg_.webp,https://vn-test-11.slatic.net/p/fa2b0794781bad2c8144028a515a6719.jpg_80x80q80.jpg_.webp
https://www.lazada.vn/products/tang-vong-ty-huu-phong-thuy-may-man-dong-ho-nam-khac-rong-3d-sang-trong-danh-cho-quy-ong-dang-cap-i246757029-s317882396.html?search=1,Đồng Hồ Nam Khắc Rồng 3D Sang Trọng Dành Cho Quý Ông Đẳng Cấp,NOTTT,15674,120000,https://vn-test-11.slatic.net/p/a3b7762648c65f60016b731afc8d1fe3.jpg_80x80q80.jpg_.webp,https://vn-test-11.slatic.net/p/859828babd91fcf14ba7dda2034fd2fc.jpg_80x80q80.jpg_.webp,https://vn-test-11.slatic.net/p/8dbecb87a67d7b989fae82044b53f2e5.jpg_80x80q80.jpg_.webp
https://www.lazada.vn/products/dong-ho-nam-32338-1985-day-thep-duc-cao-cap-chay-6-kim-mdl-1985s-full-box-tang-vong-ty-huu-pin-i215710354-s270272853.html?search=1,Đồng hồ nam 32338 1985 dây thép đúc cao cấp chạy 6 kim MDL-1985S,32338,15674,230000,https://laz-img-cdn.alicdn.com/tfs/TB1oP2bbQvoK1RjSZFNXXcxMVXa-300-200.png,https://vn-test-11.slatic.net/p/8530d4df7cd7f53d78ccf4365ed7383b.jpg_80x80q80.jpg_.webp,https://vn-test-11.slatic.net/original/4970fcbd6fcd7330dfae5e1c781093d6.jpg_80x80q80.jpg_.webp
https://www.lazada.vn/products/dong-ho-nam-32338-1985-cao-cap-hang-fullbox-day-du-phu-kien-ni2322-day-duc-may-chay-6-kim-i235294944-s299736551.html?search=1,"Đồng hồ Nam 32338 1985 cao cấp (Ni2322 dây đúc, máy chạy 6 kim)",32338,15674,298000,https://vn-test-11.slatic.net/original/49a30a0c253557370885f3e79c87a2a2.jpg_80x80q80.jpg_.webp,https://vn-test-11.slatic.net/original/1a5dd7a53d3d7c3132cc5f097b1f6df3.jpg_80x80q80.jpg_.webp,https://vn-test-11.slatic.net/original/bbf7f01d637f4b23ca8651cef0a80b03.jpg_80x80q80.jpg_.webp
https://www.lazada.vn/products/dong-ho-co-nam-automatic-fngeen-f99-day-kim-loai-cao-cap-tang-vong-tay-phong-thuy-i211760051-s265095682.html?search=1,Đồng hồ cơ nam FNGEEN F99 dây kim loại cao cấp,NOTTT,15674,269000,https://laz-img-cdn.alicdn.com/tfs/TB1oP2bbQvoK1RjSZFNXXcxMVXa-300-200.png,https://vn-test-11.slatic.net/p/3f359c75e323fbad4c40d8dc6bebd3e5.jpg_80x80q80.jpg_.webp,https://vn-test-11.slatic.net/original/40a98e5f24f62d385339c7ff49d991aa.jpg_80x80q80.jpg_.webp
https://www.lazada.vn/products/dong-ho-nam-32338-1985-day-duc-thep-khong-gi-day-luoi-i211163700-s275093370.html?search=1,"Đồng hồ nam 32338 1985 dây đúc, thép không gỉ (dây lưới)",32338,15674,179000,https://vn-test-11.slatic.net/original/034b9b0eee8247dc3eb147a77048f4f4.jpg_80x80q80.jpg_.webp,https://vn-test-11.slatic.net/original/08051592ddd691650906974f1e512d50.jpg_80x80q80.jpg_.webp,https://vn-test-11.slatic.net/original/100b84903ff817900886c726fdeac5ff.jpg_80x80q80.jpg_.webp
https://www.lazada.vn/products/dong-ho-nam-day-thep-dac-da-quang-ontheedge-036-fullbox-i168412942-s184287359.html?search=1,Đồng hồ nam dây thép đặc dạ quang Ontheedge 036,NOTTT,15674,323000,https://vn-test-11.slatic.net/p/8/dong-ho-nam-day-thep-dac-da-quang-ontheedge-036-fullbox-3210-44374914-5135c7174f3573e3c4b7f87dbc5f14a0-catalog.jpg_80x80q80.jpg_.webp,https://vn-test-11.slatic.net/p/8/dong-ho-nam-day-thep-dac-da-quang-ontheedge-036-fullbox-3210-44374914-5a7a114c731f7b630405409c3b1fd05f-catalog.jpg_80x80q80.jpg_.webp,https://vn-test-11.slatic.net/p/8/dong-ho-nam-day-thep-dac-da-quang-ontheedge-036-fullbox-3210-44374914-364cf103b097fcc87539ad73828a7014-catalog.jpg_80x80q80.jpg_.webp
https://www.lazada.vn/products/dong-ho-nam-chay-3-kim-fngeen-fn001-day-demi-thep-khong-gi-i241089094-s308291338.html?search=1,ĐỒNG HỒ NAM CHẠY 3 KIM FNGEEN FN001,NOTTT,15674,134100,https://vn-test-11.slatic.net/original/e9c0449f674e887d0011256e5e133d38.jpg_80x80q80.jpg_.webp,https://vn-test-11.slatic.net/original/0e151da9222e08a67e6e6c2538265244.jpg_80x80q80.jpg_.webp,https://vn-test-11.slatic.net/original/dd668260bf3b75b472ec7fbbee13aeef.jpg_80x80q80.jpg_.webp
https://www.lazada.vn/products/dong-ho-nam-cuena-14-mat-den-day-da-sang-trong-tang-ngay-1-vong-phong-thuy-1-pin-du-phong-i238119677-s358904571.html?search=1,Đồng Hồ Nam CUENA 14 Mặt Đen Dây Da Sang Trọng,NOTTT,15674,275000,https://vn-test-11.slatic.net/p/abcdcc66b4a8f28b09f0d4894d70f5ec.jpg_80x80q80.jpg_.webp,https://vn-test-11.slatic.net/p/5199c63c40ca5107b298bfafb3297db5.jpg_80x80q80.jpg_.webp,https://vn-test-11.slatic.net/p/28067db04786f629681310ff0436bc7c.jpg_80x80q80.jpg_.webp
https://www.lazada.vn/products/khuyen-mai-khung-tang-vong-150000d-khi-mua-dong-ho-nam-mat-rong-vang-trang-cao-cap-i244539349-s420684040.html?search=1,Đồng hồ nam mặt rồng vàng trắng cao cấp,67645,15674,142000,https://laz-img-cdn.alicdn.com/tfs/TB1oP2bbQvoK1RjSZFNXXcxMVXa-300-200.png,https://vn-test-11.slatic.net/p/f5acd1401c3bb407f2aafcba3951dc21.jpg_80x80q80.jpg_.webp,https://vn-test-11.slatic.net/p/9bfbbe2054a4d213bea9d64701f0d468.jpg_80x80q80.jpg_.webp
https://www.lazada.vn/products/dong-ho-thong-minh-dmt09-i102179684-s146631716.html?spm=a2o4n.searchlist.list.85.450f31f6oNf61M&search=1,Đồng Hồ Thông Minh DMT09,68786,70443,115000,https://vn-test-11.slatic.net/p/2/dong-ho-thong-minh-dmt09-4139-78353212-e16a2c4a7ea35795549791f367efb177-catalog.jpg_80x80q80.jpg_.webp,https://vn-test-11.slatic.net/original/b2107f412460b373c8854a1601992948.jpg_80x80q80.jpg_.webp,https://vn-test-11.slatic.net/original/b354634abd3721c32856d2b941d358b6.jpg_80x80q80.jpg_.webp
https://www.lazada.vn/products/dong-ho-cam-ung-gia-re-dz09-i135208482-s137061626.html?spm=a2o4n.searchlist.list.99.617431f6cIo26C&search=1,Đồng Hồ Cảm Ứng Giá Rẻ DZ09,68786,70443,115000,https://vn-test-11.slatic.net/p/2/dong-ho-cam-ung-gia-re-dz09-8261-50763051-42a4740e6b66ab5152c4245bba1ecad3-catalog.jpg_80x80q80.jpg_.webp,https://vn-test-11.slatic.net/original/b2107f412460b373c8854a1601992948.jpg_80x80q80.jpg_.webp,https://vn-test-11.slatic.net/original/b354634abd3721c32856d2b941d358b6.jpg_80x80q80.jpg_.webp
https://www.lazada.vn/products/dong-ho-thong-minh-v8-mat-tron-sang-trong-i136147733-s138330888.html?spm=a2o4n.searchlist.list.25.617431f6O8WSBT&search=1,Đồng hồ thông minh V8 mặt tròn sang trọng,68786,70443,149000,https://vn-test-11.slatic.net/p/2/dong-ho-thong-minh-v8-mat-tron-sang-trong-9727-10961061-44811a0e659a0da1be86895120d3b70e-catalog.jpg_80x80q80.jpg_.webp,https://vn-test-11.slatic.net/original/3e737917e45c1e4fe36e7028bd8a732a.jpg_80x80q80.jpg_.webp,https://vn-test-11.slatic.net/original/e4125145c95af9a80ff7d791e59e8731.jpg_80x80q80.jpg_.webp
https://www.lazada.vn/products/dong-ho-nu-venus-korea-vien-da-sang-trong-tang-hop-pin-i255646958-s348513069.html?spm=a2o4n.searchlist.list.12.27c05b21DD4qqV&search=1,ĐỒNG HỒ NỮ VENUS KOREA Viền Đá Sang Trọng,NOTTT,22832,240000,https://laz-img-cdn.alicdn.com/tfs/TB1oP2bbQvoK1RjSZFNXXcxMVXa-300-200.png,https://vn-test-11.slatic.net/p/14ac8460f96210c7ee688b3a2bc74b55.jpg_80x80q80.jpg_.webp,https://vn-test-11.slatic.net/p/a4cb59b446d185410c09e45a064cc520.jpg_80x80q80.jpg_.webp
https://www.lazada.vn/products/dong-ho-nam-sesop-chau-au-van-soc-dang-cap-tang-kem-pin-du-phong-i255653984-s348594331.html?spm=a2o4n.searchlist.list.115.25aa5b73JgOe6t&search=1,Đồng hồ Nam SESOP Châu Âu - Vân Sọc Đẳng Cấp,NOTTT,15674,390000,https://laz-img-cdn.alicdn.com/tfs/TB1oP2bbQvoK1RjSZFNXXcxMVXa-300-200.png,https://vn-test-11.slatic.net/p/644ede934e604b527d0e0e40a4893c63.jpg_80x80q80.jpg_.webp,https://vn-test-11.slatic.net/p/d9d4e78de9b9f58ad0d19c362ed0ba67.jpg_80x80q80.jpg_.webp
https://www.lazada.vn/products/dong-ho-nam-32338-1985-day-da-tron-chay-6-kim-mdl-1985l-full-box-i136146264-s286807290.html?spm=a2o4n.searchlist.list.10.32295b73qKQqBD&search=1,Đồng hồ nam 32338 1985 dây da trơn chạy 6 kim MDL-1985L,32338,15674,235000,https://laz-img-cdn.alicdn.com/tfs/TB1oP2bbQvoK1RjSZFNXXcxMVXa-300-200.png,https://vn-test-11.slatic.net/p/bbff79010e0de7e31601ec1790a5a4a8.jpg_80x80q80.jpg_.webp,https://vn-test-11.slatic.net/p/8/dong-ho-nam-32338-1985-day-da-tron-chay-6-kim-mdl-1985l-full-box-0411-96459951-280ccf8d489f9e628b4959c95d230c3a-catalog.jpg_80x80q80.jpg_.webp
https://www.lazada.vn/products/dong-ho-nu-day-kim-loai-bewatch-hr1741-vang-i102144590-s102563455.html?spm=a2o4n.searchlist.list.144.7ae95b21D0aRpT&search=1,Đồng hồ nữ dây kim loại Be.Watch Hr1741 (Vàng),50483,22832,45000,https://laz-img-cdn.alicdn.com/tfs/TB1oP2bbQvoK1RjSZFNXXcxMVXa-300-200.png,https://vn-test-11.slatic.net/p/8/dong-ho-nu-day-kim-loai-bewatch-hr1741-vang-0341-3399006-045b2f2d3806c0a3f3387ed903de8c9c-catalog.jpg_80x80q80.jpg_.webp,https://vn-test-11.slatic.net/p/8/dong-ho-nu-day-kim-loai-bewatch-hr1741-vang-0341-3399006-9937bae649149103bc86ab0a0eafaab4-catalog.jpg_80x80q80.jpg_.webp
https://www.lazada.vn/products/dong-ho-thong-minh-smart-watch-a1-i107063940-s108399968.html?spm=a2o4n.searchlist.list.172.585131f6KTl10L&search=1,Đồng hồ thông minh Smart watch A1,68786,70443,139999,https://vn-test-11.slatic.net/p/2/dong-ho-thong-minh-smart-watch-a1-1717-04671801-2008dc86ec4242cd93f0263709668d61-catalog.jpg_80x80q80.jpg_.webp,https://vn-test-11.slatic.net/original/757ea1150a286c5cfb3417a17abc6893.jpg_80x80q80.jpg_.webp,https://vn-test-11.slatic.net/original/8bf931e5abdddb8aa0929aef19eee3fe.jpg_80x80q80.jpg_.webp
https://www.lazada.vn/products/dong-ho-nam-thoi-trang-chong-nuoc-67645-den-sk-010-i120086447-s120091504.html?spm=a2o4n.searchlist.list.31.40529e3b7X0Lq4&search=1,Đồng hồ nam thời trang chống nước 67645 ( Đen) SK 010,67645,15674,250000,https://vn-test-11.slatic.net/p/8/dong-ho-nam-thoi-trang-chong-nuoc-67645-den-sk-010-2147-14746801-07ce81ec56776156f1bb60ab5b52f175-catalog.jpg_80x80q80.jpg_.webp,https://vn-test-11.slatic.net/p/8/dong-ho-nam-thoi-trang-chong-nuoc-67645-den-sk-010-2147-14746801-28f4509c04b1a2004b8cbeaada361b90-catalog.jpg_80x80q80.jpg_.webp,https://vn-test-11.slatic.net/p/8/dong-ho-nam-thoi-trang-chong-nuoc-67645-den-sk-010-2147-14746801-32a2bee3418810e47b8d24c1ee8ee0c2-catalog.jpg_80x80q80.jpg_.webp
https://www.lazada.vn/products/dong-ho-the-thao-led-67645-1251-chong-tham-nuoc-mau-den-01-hop-cung-67645-i135450768-s137439607.html?spm=a2o4n.searchlist.list.91.40529e3bKYpY7r&search=1,Đồng Hồ Thể Thao Led 67645 1251 ( Màu đen),67645,15674,130000,https://vn-test-11.slatic.net/p/3749de8067f07959f15ae291dd26e02d.jpg_80x80q80.jpg_.webp,https://vn-test-11.slatic.net/original/67f4b49caf2c97535a8232117059f8b4.jpg_80x80q80.jpg_.webp,https://vn-test-11.slatic.net/original/d8fce3aa43d4f114ee9d5ed60a83ce06.jpg_80x80q80.jpg_.webp
https://www.lazada.vn/products/dong-ho-nu-platrium-kieu-dang-sang-chanh-den-i161108757-s174855164.html?spm=a2o4n.searchlist.list.11.40529e3bIQDdxO&search=1,Đồng hồ nữ platrium kiểu dáng sang chảnh ( đen ),NOTTT,22832,35000,https://vn-test-11.slatic.net/p/8/dong-ho-nu-platrium-kieu-dang-sang-chanh-den-0608-40681853-4a6595813f2027cd799ebd847fa7c69a-catalog.jpg_80x80q80.jpg_.webp,https://vn-test-11.slatic.net/p/8/dong-ho-nu-platrium-kieu-dang-sang-chanh-den-0608-40681853-09daa3bd273482a29eba373d73ffceef-catalog.jpg_80x80q80.jpg_.webp,https://vn-test-11.slatic.net/p/8/dong-ho-nu-platrium-kieu-dang-sang-chanh-den-0608-40681853-6e7c1fb5580199e1f98af31a050adc1d-catalog.jpg_80x80q80.jpg_.webp
https://www.lazada.vn/products/dong-ho-nu-day-da-tong-hop-geneva-ge003-trang-i121590743-s121678633.html?spm=a2o4n.searchlist.list.70.40529e3bq32BHA&search=1,Đồng hồ nữ dây da tổng hợp Geneva GE003 (Trắng),47840,22832,18900,https://vn-test-11.slatic.net/original/61f221492543c40759cb052c82319dc6.jpg_80x80q80.jpg_.webp,https://vn-test-11.slatic.net/p/8/dong-ho-nu-day-da-tong-hop-geneva-ge003-trang-1978-85478611-fb129c90212c7ecca3aa2e9a6fc15577-catalog.jpg_80x80q80.jpg_.webp,https://vn-test-11.slatic.net/original/602cc44ea367f08b6c5e72ce4c381532.jpg_80x80q80.jpg_.webp
https://www.lazada.vn/products/dong-ho-nam-day-thep-lua-den-mat-sieu-mong-dizizid-co-lich-ngay-cao-cap-full-hop-style-lich-lam-dz3n001-i190795820-s200846314.html?spm=a2o4n.searchlist.list.100.40529e3bFoWVgi&search=1,Đồng hồ nam dây thép lụa đen mặt siêu mỏng DIZIZID DZ3N001,86124,15674,149000,https://vn-test-11.slatic.net/p/2892c69bf29986316d9f4d965bccc425.jpg_80x80q80.jpg_.webp,https://vn-test-11.slatic.net/p/e03ed75219ea2aed105b52133169b564.jpg_80x80q80.jpg_.webp,https://vn-test-11.slatic.net/p/1fa7dfad740f04983ad4861fd4343924.jpg_80x80q80.jpg_.webp
https://www.lazada.vn/products/dong-ho-nam-day-thep-khong-gi-cao-cap-25773-2561-den-tang-kem-voucher-bao-hanh-idmuasam-i1904668-s423628697.html?spm=a2o4n.searchlist.list.94.40529e3bYUZ38D&search=1,Đồng hồ nam dây thép không gỉ cao cấp 25773 2561,25773,15674,99000,https://laz-img-cdn.alicdn.com/tfs/TB1oP2bbQvoK1RjSZFNXXcxMVXa-300-200.png,https://vn-test-11.slatic.net/p/29a2ee0042a73af99e5552930cb0cc00.jpg_80x80q80.jpg_.webp,https://vn-test-11.slatic.net/p/5c226564aa2479e8a4b8bd9e68905df7.jpg_80x80q80.jpg_.webp
https://www.lazada.vn/products/dong-ho-nam-den-led-phat-sang-jis-6541-mat-den-tang-kem-voucher-bao-hanh-idmuasam-i100421982-s100502323.html?spm=a2o4n.searchlist.list.1.46709e3bEHKxn4&search=1,Đồng hồ nam đèn led phát sáng JIS 6541 (Mặt đen),82323,22832,49000,https://vn-test-11.slatic.net/p/8/dong-ho-nam-den-led-phat-sang-jis-6541-mat-den-6604-0941183-3f567324a9afa761268da56ff48f677b-catalog.jpg_80x80q80.jpg_.webp,https://vn-test-11.slatic.net/p/8/dong-ho-nam-den-led-phat-sang-jis-6541-mat-den-3807-0941183-d07b2c3a3cf8d057bd9099e53beb196a-catalog.jpg_80x80q80.jpg_.webp,https://vn-test-11.slatic.net/p/8/dong-ho-nam-den-led-phat-sang-jis-6541-mat-den-3807-0941183-e404518178f8255f74cbc819bfa7c763-catalog.jpg_80x80q80.jpg_.webp
https://www.lazada.vn/products/dong-ho-nu-day-cao-su-cao-cap-jis-2162-day-den-mat-trang-tang-kem-voucher-bao-hanh-idmuasam-i2021733-s2501330.html?spm=a2o4n.searchlist.list.5.46709e3b4OAtmy&search=1,Đồng hồ nữ dây cao su cao cấp JIS 2162 (Dây đen mặt trắng),82323,22832,59000,https://vn-test-11.slatic.net/p/8/dong-ho-nu-day-cao-su-cao-cap-jis-2162-day-den-mat-trang-tangkem-voucher-bao-hanh-idmuasam-0205-6566052-f41cfca1bc7d6bbda35411daf230d29e-catalog.jpg_80x80q80.jpg_.webp,https://vn-test-11.slatic.net/p/8/dong-ho-nu-day-cao-su-cao-cap-jis-2162-day-den-mat-trang-tangkem-voucher-bao-hanh-idmuasam-0205-6566052-a187ca18d6c82f68d879a6570ef9584d-catalog.jpg_80x80q80.jpg_.webp,https://vn-test-11.slatic.net/p/8/dong-ho-nu-day-cao-su-cao-cap-jis-2162-day-den-mat-trang-tangkem-voucher-bao-hanh-idmuasam-0205-6566052-6ad99634fddbd5402c97108e6dac9479-catalog.jpg_80x80q80.jpg_.webp
https://www.lazada.vn/products/dong-ho-nam-thoi-trang-chong-nuoc-cao-cap-67645-9096-xanh-003-i143200318-s147972672.html?spm=a2o4n.searchlist.list.9.46709e3bRu7Nid&search=1,Đồng hồ nam thời trang chống nước cao cấp 67645 9096,67645,15674,250000,https://vn-test-11.slatic.net/p/8/dong-ho-nam-thoi-trang-chong-nuoc-cao-cap-67645-9096-xanh-003-8034-50495812-dbf98cd94dbd1a73ae90d834488b6a05-catalog.jpg_80x80q80.jpg_.webp,https://vn-test-11.slatic.net/p/8/dong-ho-nam-thoi-trang-chong-nuoc-cao-cap-67645-9096-xanh-003-8034-50495812-650a292965810ae6bd0af02c57f1fd18-catalog.jpg_80x80q80.jpg_.webp,https://vn-test-11.slatic.net/p/8/dong-ho-nam-thoi-trang-chong-nuoc-cao-cap-67645-9096-xanh-003-8034-50495812-6640d92676b8f0e3dfc50cb727e4950e-catalog.jpg_80x80q80.jpg_.webp
